video,release_id,report_id_working,dvids_report_label,sample_index,approx_second,source_frame_index,phase,dvids_anchor,candidate_x,candidate_y,dx_from_frame_center,dy_from_frame_center,bbox_w,bbox_h,area,max_luma,mean_luma,candidate_count,nearest_colored_overlay_px,overlay_relation,review_confidence,annotated_frame_path,zoom_patch_path
DOD_111688954.mp4,DOW-UAP-PR28,DoW-UAP-D25,DoW-UAP-D7,0,0.00,0,split EO/SWIR context,Before DVIDS 00:04 contrast note; split electro-optical / SWIR display,694.4,499.7,-265.6,-40.3,48,14,221,252,247.05,38,53.82,separate from colored reticle/overlay,medium,C:/Users/Dan/Desktop/Projects/igh-planning/research/ufo-derived/video-hard-pair-phase-review/DOD_111688954/annotated-frames/frame_0000_annotated.jpg,C:/Users/Dan/Desktop/Projects/igh-planning/research/ufo-derived/video-hard-pair-phase-review/DOD_111688954/object-zoom-patches/frame_0000_patch.jpg
DOD_111688954.mp4,DOW-UAP-PR28,DoW-UAP-D25,DoW-UAP-D7,1,0.50,15,split EO/SWIR context,Before DVIDS 00:04 contrast note; split electro-optical / SWIR display,694.4,499.7,-265.6,-40.3,48,14,221,252,247.05,38,53.82,separate from colored reticle/overlay,medium,C:/Users/Dan/Desktop/Projects/igh-planning/research/ufo-derived/video-hard-pair-phase-review/DOD_111688954/annotated-frames/frame_0001_annotated.jpg,C:/Users/Dan/Desktop/Projects/igh-planning/research/ufo-derived/video-hard-pair-phase-review/DOD_111688954/object-zoom-patches/frame_0001_patch.jpg
DOD_111688954.mp4,DOW-UAP-PR28,DoW-UAP-D25,DoW-UAP-D7,2,1.00,30,split EO/SWIR context,Before DVIDS 00:04 contrast note; split electro-optical / SWIR display,,,,,,,,,,,,no candidate,none,C:/Users/Dan/Desktop/Projects/igh-planning/research/ufo-derived/video-hard-pair-phase-review/DOD_111688954/annotated-frames/frame_0002_annotated.jpg,C:/Users/Dan/Desktop/Projects/igh-planning/research/ufo-derived/video-hard-pair-phase-review/DOD_111688954/object-zoom-patches/frame_0002_patch.jpg
DOD_111688954.mp4,DOW-UAP-PR28,DoW-UAP-D25,DoW-UAP-D7,3,1.50,45,split EO/SWIR context,Before DVIDS 00:04 contrast note; split electro-optical / SWIR display,1426.9,523.2,466.9,-16.8,20,15,203,211,207.76,6,10.32,near colored reticle/overlay,high,C:/Users/Dan/Desktop/Projects/igh-planning/research/ufo-derived/video-hard-pair-phase-review/DOD_111688954/annotated-frames/frame_0003_annotated.jpg,C:/Users/Dan/Desktop/Projects/igh-planning/research/ufo-derived/video-hard-pair-phase-review/DOD_111688954/object-zoom-patches/frame_0003_patch.jpg
DOD_111688954.mp4,DOW-UAP-PR28,DoW-UAP-D25,DoW-UAP-D7,4,2.00,60,split EO/SWIR context,Before DVIDS 00:04 contrast note; split electro-optical / SWIR display,1433.8,532.3,473.8,-7.7,20,16,200,210,206.44,6,7.48,near colored reticle/overlay,high,C:/Users/Dan/Desktop/Projects/igh-planning/research/ufo-derived/video-hard-pair-phase-review/DOD_111688954/annotated-frames/frame_0004_annotated.jpg,C:/Users/Dan/Desktop/Projects/igh-planning/research/ufo-derived/video-hard-pair-phase-review/DOD_111688954/object-zoom-patches/frame_0004_patch.jpg
DOD_111688954.mp4,DOW-UAP-PR28,DoW-UAP-D25,DoW-UAP-D7,5,2.50,75,split EO/SWIR context,Before DVIDS 00:04 contrast note; split electro-optical / SWIR display,1377.4,588.3,417.4,48.3,26,43,835,216,211.31,8,47.7,separate from colored reticle/overlay,high,C:/Users/Dan/Desktop/Projects/igh-planning/research/ufo-derived/video-hard-pair-phase-review/DOD_111688954/annotated-frames/frame_0005_annotated.jpg,C:/Users/Dan/Desktop/Projects/igh-planning/research/ufo-derived/video-hard-pair-phase-review/DOD_111688954/object-zoom-patches/frame_0005_patch.jpg
DOD_111688954.mp4,DOW-UAP-PR28,DoW-UAP-D25,DoW-UAP-D7,6,3.00,90,split EO/SWIR context,Before DVIDS 00:04 contrast note; split electro-optical / SWIR display,1468.8,627.3,508.8,87.3,15,18,171,210,207.36,5,51.83,separate from colored reticle/overlay,high,C:/Users/Dan/Desktop/Projects/igh-planning/research/ufo-derived/video-hard-pair-phase-review/DOD_111688954/annotated-frames/frame_0006_annotated.jpg,C:/Users/Dan/Desktop/Projects/igh-planning/research/ufo-derived/video-hard-pair-phase-review/DOD_111688954/object-zoom-patches/frame_0006_patch.jpg
DOD_111688954.mp4,DOW-UAP-PR28,DoW-UAP-D25,DoW-UAP-D7,7,3.50,105,split EO/SWIR context,Before DVIDS 00:04 contrast note; split electro-optical / SWIR display,1394.9,613.8,434.9,73.8,28,44,856,217,211.12,7,52.76,separate from colored reticle/overlay,high,C:/Users/Dan/Desktop/Projects/igh-planning/research/ufo-derived/video-hard-pair-phase-review/DOD_111688954/annotated-frames/frame_0007_annotated.jpg,C:/Users/Dan/Desktop/Projects/igh-planning/research/ufo-derived/video-hard-pair-phase-review/DOD_111688954/object-zoom-patches/frame_0007_patch.jpg
DOD_111688954.mp4,DOW-UAP-PR28,DoW-UAP-D25,DoW-UAP-D7,8,4.00,120,split-screen right-frame contrast,DVIDS: 00:04 area of contrast becomes distinguishable in center of right frame,1408.1,628.8,448.1,88.8,22,35,498,218,213.24,4,55.03,separate from colored reticle/overlay,high,C:/Users/Dan/Desktop/Projects/igh-planning/research/ufo-derived/video-hard-pair-phase-review/DOD_111688954/annotated-frames/frame_0008_annotated.jpg,C:/Users/Dan/Desktop/Projects/igh-planning/research/ufo-derived/video-hard-pair-phase-review/DOD_111688954/object-zoom-patches/frame_0008_patch.jpg
DOD_111688954.mp4,DOW-UAP-PR28,DoW-UAP-D25,DoW-UAP-D7,9,4.50,135,split-screen right-frame contrast,DVIDS: 00:04 area of contrast becomes distinguishable in center of right frame,1418.8,641.5,458.8,101.5,22,36,569,218,212.61,5,62.17,separate from colored reticle/overlay,high,C:/Users/Dan/Desktop/Projects/igh-planning/research/ufo-derived/video-hard-pair-phase-review/DOD_111688954/annotated-frames/frame_0009_annotated.jpg,C:/Users/Dan/Desktop/Projects/igh-planning/research/ufo-derived/video-hard-pair-phase-review/DOD_111688954/object-zoom-patches/frame_0009_patch.jpg
DOD_111688954.mp4,DOW-UAP-PR28,DoW-UAP-D25,DoW-UAP-D7,10,5.00,150,split-screen right-frame contrast,DVIDS: 00:04 area of contrast becomes distinguishable in center of right frame,1503.1,655.0,543.1,115.0,22,35,539,217,212.31,4,93.91,separate from colored reticle/overlay,high,C:/Users/Dan/Desktop/Projects/igh-planning/research/ufo-derived/video-hard-pair-phase-review/DOD_111688954/annotated-frames/frame_0010_annotated.jpg,C:/Users/Dan/Desktop/Projects/igh-planning/research/ufo-derived/video-hard-pair-phase-review/DOD_111688954/object-zoom-patches/frame_0010_patch.jpg
DOD_111688954.mp4,DOW-UAP-PR28,DoW-UAP-D25,DoW-UAP-D7,11,5.50,165,split-screen right-frame contrast,DVIDS: 00:04 area of contrast becomes distinguishable in center of right frame,1569.9,660.6,609.9,120.6,22,39,597,218,212.49,5,142.05,separate from colored reticle/overlay,high,C:/Users/Dan/Desktop/Projects/igh-planning/research/ufo-derived/video-hard-pair-phase-review/DOD_111688954/annotated-frames/frame_0011_annotated.jpg,C:/Users/Dan/Desktop/Projects/igh-planning/research/ufo-derived/video-hard-pair-phase-review/DOD_111688954/object-zoom-patches/frame_0011_patch.jpg
DOD_111688954.mp4,DOW-UAP-PR28,DoW-UAP-D25,DoW-UAP-D7,12,6.00,180,split-screen right-frame contrast,DVIDS: 00:04 area of contrast becomes distinguishable in center of right frame,1575.2,659.3,615.2,119.3,21,38,572,217,212.37,3,144.57,separate from colored reticle/overlay,high,C:/Users/Dan/Desktop/Projects/igh-planning/research/ufo-derived/video-hard-pair-phase-review/DOD_111688954/annotated-frames/frame_0012_annotated.jpg,C:/Users/Dan/Desktop/Projects/igh-planning/research/ufo-derived/video-hard-pair-phase-review/DOD_111688954/object-zoom-patches/frame_0012_patch.jpg
DOD_111688954.mp4,DOW-UAP-PR28,DoW-UAP-D25,DoW-UAP-D7,13,6.50,195,split-screen right-frame contrast,DVIDS: 00:04 area of contrast becomes distinguishable in center of right frame,1579.8,658.3,619.8,118.3,22,38,576,217,212.58,3,146.29,separate from colored reticle/overlay,high,C:/Users/Dan/Desktop/Projects/igh-planning/research/ufo-derived/video-hard-pair-phase-review/DOD_111688954/annotated-frames/frame_0013_annotated.jpg,C:/Users/Dan/Desktop/Projects/igh-planning/research/ufo-derived/video-hard-pair-phase-review/DOD_111688954/object-zoom-patches/frame_0013_patch.jpg
DOD_111688954.mp4,DOW-UAP-PR28,DoW-UAP-D25,DoW-UAP-D7,14,7.00,210,split-screen right-frame contrast,DVIDS: 00:04 area of contrast becomes distinguishable in center of right frame,1586.4,662.0,626.4,122.0,23,37,576,218,212.57,4,153.68,separate from colored reticle/overlay,high,C:/Users/Dan/Desktop/Projects/igh-planning/research/ufo-derived/video-hard-pair-phase-review/DOD_111688954/annotated-frames/frame_0014_annotated.jpg,C:/Users/Dan/Desktop/Projects/igh-planning/research/ufo-derived/video-hard-pair-phase-review/DOD_111688954/object-zoom-patches/frame_0014_patch.jpg
DOD_111688954.mp4,DOW-UAP-PR28,DoW-UAP-D25,DoW-UAP-D7,15,7.50,225,split-screen right-frame contrast,DVIDS: 00:04 area of contrast becomes distinguishable in center of right frame,1253.9,644.2,293.9,104.2,22,40,715,186,182.93,2,171.45,separate from colored reticle/overlay,medium,C:/Users/Dan/Desktop/Projects/igh-planning/research/ufo-derived/video-hard-pair-phase-review/DOD_111688954/annotated-frames/frame_0015_annotated.jpg,C:/Users/Dan/Desktop/Projects/igh-planning/research/ufo-derived/video-hard-pair-phase-review/DOD_111688954/object-zoom-patches/frame_0015_patch.jpg
DOD_111688954.mp4,DOW-UAP-PR28,DoW-UAP-D25,DoW-UAP-D7,16,8.00,240,split-screen right-frame contrast,DVIDS: 00:04 area of contrast becomes distinguishable in center of right frame,,,,,,,,,,,,no candidate,none,C:/Users/Dan/Desktop/Projects/igh-planning/research/ufo-derived/video-hard-pair-phase-review/DOD_111688954/annotated-frames/frame_0016_annotated.jpg,C:/Users/Dan/Desktop/Projects/igh-planning/research/ufo-derived/video-hard-pair-phase-review/DOD_111688954/object-zoom-patches/frame_0016_patch.jpg
DOD_111688954.mp4,DOW-UAP-PR28,DoW-UAP-D25,DoW-UAP-D7,17,8.50,255,split-screen right-frame contrast,DVIDS: 00:04 area of contrast becomes distinguishable in center of right frame,1382.1,992.4,422.1,452.4,32,29,441,203,198.49,2,413.56,separate from colored reticle/overlay,medium,C:/Users/Dan/Desktop/Projects/igh-planning/research/ufo-derived/video-hard-pair-phase-review/DOD_111688954/annotated-frames/frame_0017_annotated.jpg,C:/Users/Dan/Desktop/Projects/igh-planning/research/ufo-derived/video-hard-pair-phase-review/DOD_111688954/object-zoom-patches/frame_0017_patch.jpg
DOD_111688954.mp4,DOW-UAP-PR28,DoW-UAP-D25,DoW-UAP-D7,18,9.00,270,split-screen right-frame contrast,DVIDS: 00:04 area of contrast becomes distinguishable in center of right frame,1110.4,508.7,150.4,-31.3,18,36,493,199,196.29,6,284.22,separate from colored reticle/overlay,medium,C:/Users/Dan/Desktop/Projects/igh-planning/research/ufo-derived/video-hard-pair-phase-review/DOD_111688954/annotated-frames/frame_0018_annotated.jpg,C:/Users/Dan/Desktop/Projects/igh-planning/research/ufo-derived/video-hard-pair-phase-review/DOD_111688954/object-zoom-patches/frame_0018_patch.jpg
DOD_111688954.mp4,DOW-UAP-PR28,DoW-UAP-D25,DoW-UAP-D7,19,9.50,285,split-screen right-frame contrast,DVIDS: 00:04 area of contrast becomes distinguishable in center of right frame,1121.3,518.4,161.3,-21.6,22,39,641,200,196.39,7,272.47,separate from colored reticle/overlay,medium,C:/Users/Dan/Desktop/Projects/igh-planning/research/ufo-derived/video-hard-pair-phase-review/DOD_111688954/annotated-frames/frame_0019_annotated.jpg,C:/Users/Dan/Desktop/Projects/igh-planning/research/ufo-derived/video-hard-pair-phase-review/DOD_111688954/object-zoom-patches/frame_0019_patch.jpg
DOD_111688954.mp4,DOW-UAP-PR28,DoW-UAP-D25,DoW-UAP-D7,20,10.00,300,full-screen SWIR track,DVIDS: 00:10 display shifts to full-screen SWIR; 00:55 contrast remains generally centered,1166.1,553.9,206.1,13.9,19,20,242,209,207.19,9,227.17,separate from colored reticle/overlay,medium,C:/Users/Dan/Desktop/Projects/igh-planning/research/ufo-derived/video-hard-pair-phase-review/DOD_111688954/annotated-frames/frame_0020_annotated.jpg,C:/Users/Dan/Desktop/Projects/igh-planning/research/ufo-derived/video-hard-pair-phase-review/DOD_111688954/object-zoom-patches/frame_0020_patch.jpg
DOD_111688954.mp4,DOW-UAP-PR28,DoW-UAP-D25,DoW-UAP-D7,21,10.50,315,full-screen SWIR track,DVIDS: 00:10 display shifts to full-screen SWIR; 00:55 contrast remains generally centered,736.0,733.7,-224.0,193.7,32,13,266,216,214.93,7,280.69,separate from colored reticle/overlay,high,C:/Users/Dan/Desktop/Projects/igh-planning/research/ufo-derived/video-hard-pair-phase-review/DOD_111688954/annotated-frames/frame_0021_annotated.jpg,C:/Users/Dan/Desktop/Projects/igh-planning/research/ufo-derived/video-hard-pair-phase-review/DOD_111688954/object-zoom-patches/frame_0021_patch.jpg
DOD_111688954.mp4,DOW-UAP-PR28,DoW-UAP-D25,DoW-UAP-D7,22,11.00,330,full-screen SWIR track,DVIDS: 00:10 display shifts to full-screen SWIR; 00:55 contrast remains generally centered,762.8,505.4,-197.2,-34.6,13,12,102,236,216.53,6,153.47,separate from colored reticle/overlay,high,C:/Users/Dan/Desktop/Projects/igh-planning/research/ufo-derived/video-hard-pair-phase-review/DOD_111688954/annotated-frames/frame_0022_annotated.jpg,C:/Users/Dan/Desktop/Projects/igh-planning/research/ufo-derived/video-hard-pair-phase-review/DOD_111688954/object-zoom-patches/frame_0022_patch.jpg
DOD_111688954.mp4,DOW-UAP-PR28,DoW-UAP-D25,DoW-UAP-D7,23,11.50,345,full-screen SWIR track,DVIDS: 00:10 display shifts to full-screen SWIR; 00:55 contrast remains generally centered,1050.6,663.2,90.6,123.2,12,13,106,255,240.42,2,118.76,separate from colored reticle/overlay,high,C:/Users/Dan/Desktop/Projects/igh-planning/research/ufo-derived/video-hard-pair-phase-review/DOD_111688954/annotated-frames/frame_0023_annotated.jpg,C:/Users/Dan/Desktop/Projects/igh-planning/research/ufo-derived/video-hard-pair-phase-review/DOD_111688954/object-zoom-patches/frame_0023_patch.jpg
DOD_111688954.mp4,DOW-UAP-PR28,DoW-UAP-D25,DoW-UAP-D7,24,12.00,360,full-screen SWIR track,DVIDS: 00:10 display shifts to full-screen SWIR; 00:55 contrast remains generally centered,807.2,528.2,-152.8,-11.8,33,24,330,206,202.48,5,108.3,separate from colored reticle/overlay,medium,C:/Users/Dan/Desktop/Projects/igh-planning/research/ufo-derived/video-hard-pair-phase-review/DOD_111688954/annotated-frames/frame_0024_annotated.jpg,C:/Users/Dan/Desktop/Projects/igh-planning/research/ufo-derived/video-hard-pair-phase-review/DOD_111688954/object-zoom-patches/frame_0024_patch.jpg
DOD_111688954.mp4,DOW-UAP-PR28,DoW-UAP-D25,DoW-UAP-D7,25,12.50,375,full-screen SWIR track,DVIDS: 00:10 display shifts to full-screen SWIR; 00:55 contrast remains generally centered,1142.6,751.6,182.6,211.6,19,34,332,255,220.19,25,160.18,separate from colored reticle/overlay,high,C:/Users/Dan/Desktop/Projects/igh-planning/research/ufo-derived/video-hard-pair-phase-review/DOD_111688954/annotated-frames/frame_0025_annotated.jpg,C:/Users/Dan/Desktop/Projects/igh-planning/research/ufo-derived/video-hard-pair-phase-review/DOD_111688954/object-zoom-patches/frame_0025_patch.jpg
DOD_111688954.mp4,DOW-UAP-PR28,DoW-UAP-D25,DoW-UAP-D7,26,13.00,390,full-screen SWIR track,DVIDS: 00:10 display shifts to full-screen SWIR; 00:55 contrast remains generally centered,984.8,679.8,24.8,139.8,17,33,307,255,220.52,19,97.99,separate from colored reticle/overlay,high,C:/Users/Dan/Desktop/Projects/igh-planning/research/ufo-derived/video-hard-pair-phase-review/DOD_111688954/annotated-frames/frame_0026_annotated.jpg,C:/Users/Dan/Desktop/Projects/igh-planning/research/ufo-derived/video-hard-pair-phase-review/DOD_111688954/object-zoom-patches/frame_0026_patch.jpg
DOD_111688954.mp4,DOW-UAP-PR28,DoW-UAP-D25,DoW-UAP-D7,27,13.50,405,full-screen SWIR track,DVIDS: 00:10 display shifts to full-screen SWIR; 00:55 contrast remains generally centered,949.3,534.8,-10.7,-5.2,23,14,159,201,192.41,19,2.2,intersects colored reticle/overlay,medium,C:/Users/Dan/Desktop/Projects/igh-planning/research/ufo-derived/video-hard-pair-phase-review/DOD_111688954/annotated-frames/frame_0027_annotated.jpg,C:/Users/Dan/Desktop/Projects/igh-planning/research/ufo-derived/video-hard-pair-phase-review/DOD_111688954/object-zoom-patches/frame_0027_patch.jpg
DOD_111688954.mp4,DOW-UAP-PR28,DoW-UAP-D25,DoW-UAP-D7,28,14.00,420,full-screen SWIR track,DVIDS: 00:10 display shifts to full-screen SWIR; 00:55 contrast remains generally centered,895.6,547.0,-64.4,7.0,18,33,313,255,220.19,15,19.84,near colored reticle/overlay,high,C:/Users/Dan/Desktop/Projects/igh-planning/research/ufo-derived/video-hard-pair-phase-review/DOD_111688954/annotated-frames/frame_0028_annotated.jpg,C:/Users/Dan/Desktop/Projects/igh-planning/research/ufo-derived/video-hard-pair-phase-review/DOD_111688954/object-zoom-patches/frame_0028_patch.jpg
DOD_111688954.mp4,DOW-UAP-PR28,DoW-UAP-D25,DoW-UAP-D7,29,14.50,435,full-screen SWIR track,DVIDS: 00:10 display shifts to full-screen SWIR; 00:55 contrast remains generally centered,914.4,501.1,-45.6,-38.9,15,32,256,254,218.83,14,34.94,near colored reticle/overlay,high,C:/Users/Dan/Desktop/Projects/igh-planning/research/ufo-derived/video-hard-pair-phase-review/DOD_111688954/annotated-frames/frame_0029_annotated.jpg,C:/Users/Dan/Desktop/Projects/igh-planning/research/ufo-derived/video-hard-pair-phase-review/DOD_111688954/object-zoom-patches/frame_0029_patch.jpg
DOD_111688954.mp4,DOW-UAP-PR28,DoW-UAP-D25,DoW-UAP-D7,30,15.00,450,full-screen SWIR track,DVIDS: 00:10 display shifts to full-screen SWIR; 00:55 contrast remains generally centered,972.2,475.5,12.2,-64.5,17,33,319,255,215.26,13,22.03,near colored reticle/overlay,high,C:/Users/Dan/Desktop/Projects/igh-planning/research/ufo-derived/video-hard-pair-phase-review/DOD_111688954/annotated-frames/frame_0030_annotated.jpg,C:/Users/Dan/Desktop/Projects/igh-planning/research/ufo-derived/video-hard-pair-phase-review/DOD_111688954/object-zoom-patches/frame_0030_patch.jpg
DOD_111688954.mp4,DOW-UAP-PR28,DoW-UAP-D25,DoW-UAP-D7,31,15.50,465,full-screen SWIR track,DVIDS: 00:10 display shifts to full-screen SWIR; 00:55 contrast remains generally centered,990.6,473.9,30.6,-66.1,16,36,348,255,213.43,53,35.22,separate from colored reticle/overlay,medium,C:/Users/Dan/Desktop/Projects/igh-planning/research/ufo-derived/video-hard-pair-phase-review/DOD_111688954/annotated-frames/frame_0031_annotated.jpg,C:/Users/Dan/Desktop/Projects/igh-planning/research/ufo-derived/video-hard-pair-phase-review/DOD_111688954/object-zoom-patches/frame_0031_patch.jpg
DOD_111688954.mp4,DOW-UAP-PR28,DoW-UAP-D25,DoW-UAP-D7,32,16.00,480,full-screen SWIR track,DVIDS: 00:10 display shifts to full-screen SWIR; 00:55 contrast remains generally centered,1059.4,517.8,99.4,-22.2,17,35,353,255,212.81,65,54.84,separate from colored reticle/overlay,medium,C:/Users/Dan/Desktop/Projects/igh-planning/research/ufo-derived/video-hard-pair-phase-review/DOD_111688954/annotated-frames/frame_0032_annotated.jpg,C:/Users/Dan/Desktop/Projects/igh-planning/research/ufo-derived/video-hard-pair-phase-review/DOD_111688954/object-zoom-patches/frame_0032_patch.jpg
DOD_111688954.mp4,DOW-UAP-PR28,DoW-UAP-D25,DoW-UAP-D7,33,16.50,495,full-screen SWIR track,DVIDS: 00:10 display shifts to full-screen SWIR; 00:55 contrast remains generally centered,1102.2,582.9,142.2,42.9,18,36,371,255,215.78,91,101.88,separate from colored reticle/overlay,medium,C:/Users/Dan/Desktop/Projects/igh-planning/research/ufo-derived/video-hard-pair-phase-review/DOD_111688954/annotated-frames/frame_0033_annotated.jpg,C:/Users/Dan/Desktop/Projects/igh-planning/research/ufo-derived/video-hard-pair-phase-review/DOD_111688954/object-zoom-patches/frame_0033_patch.jpg
DOD_111688954.mp4,DOW-UAP-PR28,DoW-UAP-D25,DoW-UAP-D7,34,17.00,510,full-screen SWIR track,DVIDS: 00:10 display shifts to full-screen SWIR; 00:55 contrast remains generally centered,1114.8,628.3,154.8,88.3,17,35,336,255,215.62,47,136.1,separate from colored reticle/overlay,medium,C:/Users/Dan/Desktop/Projects/igh-planning/research/ufo-derived/video-hard-pair-phase-review/DOD_111688954/annotated-frames/frame_0034_annotated.jpg,C:/Users/Dan/Desktop/Projects/igh-planning/research/ufo-derived/video-hard-pair-phase-review/DOD_111688954/object-zoom-patches/frame_0034_patch.jpg
DOD_111688954.mp4,DOW-UAP-PR28,DoW-UAP-D25,DoW-UAP-D7,35,17.50,525,full-screen SWIR track,DVIDS: 00:10 display shifts to full-screen SWIR; 00:55 contrast remains generally centered,1146.9,674.9,186.9,134.9,17,35,339,255,215.01,48,190.89,separate from colored reticle/overlay,medium,C:/Users/Dan/Desktop/Projects/igh-planning/research/ufo-derived/video-hard-pair-phase-review/DOD_111688954/annotated-frames/frame_0035_annotated.jpg,C:/Users/Dan/Desktop/Projects/igh-planning/research/ufo-derived/video-hard-pair-phase-review/DOD_111688954/object-zoom-patches/frame_0035_patch.jpg
DOD_111688954.mp4,DOW-UAP-PR28,DoW-UAP-D25,DoW-UAP-D7,36,18.00,540,full-screen SWIR track,DVIDS: 00:10 display shifts to full-screen SWIR; 00:55 contrast remains generally centered,1096.4,652.9,136.4,112.9,16,36,345,255,215.19,71,140.24,separate from colored reticle/overlay,medium,C:/Users/Dan/Desktop/Projects/igh-planning/research/ufo-derived/video-hard-pair-phase-review/DOD_111688954/annotated-frames/frame_0036_annotated.jpg,C:/Users/Dan/Desktop/Projects/igh-planning/research/ufo-derived/video-hard-pair-phase-review/DOD_111688954/object-zoom-patches/frame_0036_patch.jpg
DOD_111688954.mp4,DOW-UAP-PR28,DoW-UAP-D25,DoW-UAP-D7,37,18.50,555,full-screen SWIR track,DVIDS: 00:10 display shifts to full-screen SWIR; 00:55 contrast remains generally centered,1038.7,620.8,78.7,80.8,16,34,318,255,215.19,62,82.73,separate from colored reticle/overlay,medium,C:/Users/Dan/Desktop/Projects/igh-planning/research/ufo-derived/video-hard-pair-phase-review/DOD_111688954/annotated-frames/frame_0037_annotated.jpg,C:/Users/Dan/Desktop/Projects/igh-planning/research/ufo-derived/video-hard-pair-phase-review/DOD_111688954/object-zoom-patches/frame_0037_patch.jpg
DOD_111688954.mp4,DOW-UAP-PR28,DoW-UAP-D25,DoW-UAP-D7,38,19.00,570,full-screen SWIR track,DVIDS: 00:10 display shifts to full-screen SWIR; 00:55 contrast remains generally centered,986.7,568.7,26.7,28.7,16,33,321,255,216.36,118,20.75,near colored reticle/overlay,medium,C:/Users/Dan/Desktop/Projects/igh-planning/research/ufo-derived/video-hard-pair-phase-review/DOD_111688954/annotated-frames/frame_0038_annotated.jpg,C:/Users/Dan/Desktop/Projects/igh-planning/research/ufo-derived/video-hard-pair-phase-review/DOD_111688954/object-zoom-patches/frame_0038_patch.jpg
DOD_111688954.mp4,DOW-UAP-PR28,DoW-UAP-D25,DoW-UAP-D7,39,19.50,585,full-screen SWIR track,DVIDS: 00:10 display shifts to full-screen SWIR; 00:55 contrast remains generally centered,930.2,510.6,-29.8,-29.4,15,37,347,255,213.33,139,24.44,near colored reticle/overlay,medium,C:/Users/Dan/Desktop/Projects/igh-planning/research/ufo-derived/video-hard-pair-phase-review/DOD_111688954/annotated-frames/frame_0039_annotated.jpg,C:/Users/Dan/Desktop/Projects/igh-planning/research/ufo-derived/video-hard-pair-phase-review/DOD_111688954/object-zoom-patches/frame_0039_patch.jpg
DOD_111688954.mp4,DOW-UAP-PR28,DoW-UAP-D25,DoW-UAP-D7,40,20.00,600,full-screen SWIR track,DVIDS: 00:10 display shifts to full-screen SWIR; 00:55 contrast remains generally centered,894.3,455.4,-65.7,-84.6,15,32,304,255,215.15,74,76.92,separate from colored reticle/overlay,medium,C:/Users/Dan/Desktop/Projects/igh-planning/research/ufo-derived/video-hard-pair-phase-review/DOD_111688954/annotated-frames/frame_0040_annotated.jpg,C:/Users/Dan/Desktop/Projects/igh-planning/research/ufo-derived/video-hard-pair-phase-review/DOD_111688954/object-zoom-patches/frame_0040_patch.jpg
DOD_111688954.mp4,DOW-UAP-PR28,DoW-UAP-D25,DoW-UAP-D7,41,20.50,615,full-screen SWIR track,DVIDS: 00:10 display shifts to full-screen SWIR; 00:55 contrast remains generally centered,886.4,437.9,-73.6,-102.1,16,34,319,253,213.41,118,94.89,separate from colored reticle/overlay,medium,C:/Users/Dan/Desktop/Projects/igh-planning/research/ufo-derived/video-hard-pair-phase-review/DOD_111688954/annotated-frames/frame_0041_annotated.jpg,C:/Users/Dan/Desktop/Projects/igh-planning/research/ufo-derived/video-hard-pair-phase-review/DOD_111688954/object-zoom-patches/frame_0041_patch.jpg
DOD_111688954.mp4,DOW-UAP-PR28,DoW-UAP-D25,DoW-UAP-D7,42,21.00,630,full-screen SWIR track,DVIDS: 00:10 display shifts to full-screen SWIR; 00:55 contrast remains generally centered,881.3,466.2,-78.7,-73.8,15,34,288,255,212.74,86,78.37,separate from colored reticle/overlay,medium,C:/Users/Dan/Desktop/Projects/igh-planning/research/ufo-derived/video-hard-pair-phase-review/DOD_111688954/annotated-frames/frame_0042_annotated.jpg,C:/Users/Dan/Desktop/Projects/igh-planning/research/ufo-derived/video-hard-pair-phase-review/DOD_111688954/object-zoom-patches/frame_0042_patch.jpg
DOD_111688954.mp4,DOW-UAP-PR28,DoW-UAP-D25,DoW-UAP-D7,43,21.50,645,full-screen SWIR track,DVIDS: 00:10 display shifts to full-screen SWIR; 00:55 contrast remains generally centered,865.8,503.9,-94.2,-36.1,16,35,335,253,212.99,98,59.28,separate from colored reticle/overlay,medium,C:/Users/Dan/Desktop/Projects/igh-planning/research/ufo-derived/video-hard-pair-phase-review/DOD_111688954/annotated-frames/frame_0043_annotated.jpg,C:/Users/Dan/Desktop/Projects/igh-planning/research/ufo-derived/video-hard-pair-phase-review/DOD_111688954/object-zoom-patches/frame_0043_patch.jpg
DOD_111688954.mp4,DOW-UAP-PR28,DoW-UAP-D25,DoW-UAP-D7,44,22.00,660,full-screen SWIR track,DVIDS: 00:10 display shifts to full-screen SWIR; 00:55 contrast remains generally centered,845.4,541.8,-114.6,1.8,16,33,309,255,214.32,17,69.64,separate from colored reticle/overlay,high,C:/Users/Dan/Desktop/Projects/igh-planning/research/ufo-derived/video-hard-pair-phase-review/DOD_111688954/annotated-frames/frame_0044_annotated.jpg,C:/Users/Dan/Desktop/Projects/igh-planning/research/ufo-derived/video-hard-pair-phase-review/DOD_111688954/object-zoom-patches/frame_0044_patch.jpg
DOD_111688954.mp4,DOW-UAP-PR28,DoW-UAP-D25,DoW-UAP-D7,45,22.50,675,full-screen SWIR track,DVIDS: 00:10 display shifts to full-screen SWIR; 00:55 contrast remains generally centered,827.8,566.9,-132.2,26.9,18,34,350,255,215.95,20,90.47,separate from colored reticle/overlay,high,C:/Users/Dan/Desktop/Projects/igh-planning/research/ufo-derived/video-hard-pair-phase-review/DOD_111688954/annotated-frames/frame_0045_annotated.jpg,C:/Users/Dan/Desktop/Projects/igh-planning/research/ufo-derived/video-hard-pair-phase-review/DOD_111688954/object-zoom-patches/frame_0045_patch.jpg
DOD_111688954.mp4,DOW-UAP-PR28,DoW-UAP-D25,DoW-UAP-D7,46,23.00,690,full-screen SWIR track,DVIDS: 00:10 display shifts to full-screen SWIR; 00:55 contrast remains generally centered,819.5,559.8,-140.5,19.8,17,33,303,255,217.39,26,96.95,separate from colored reticle/overlay,high,C:/Users/Dan/Desktop/Projects/igh-planning/research/ufo-derived/video-hard-pair-phase-review/DOD_111688954/annotated-frames/frame_0046_annotated.jpg,C:/Users/Dan/Desktop/Projects/igh-planning/research/ufo-derived/video-hard-pair-phase-review/DOD_111688954/object-zoom-patches/frame_0046_patch.jpg
DOD_111688954.mp4,DOW-UAP-PR28,DoW-UAP-D25,DoW-UAP-D7,47,23.50,705,full-screen SWIR track,DVIDS: 00:10 display shifts to full-screen SWIR; 00:55 contrast remains generally centered,818.2,558.6,-141.8,18.6,15,34,279,255,216.7,33,97.86,separate from colored reticle/overlay,medium,C:/Users/Dan/Desktop/Projects/igh-planning/research/ufo-derived/video-hard-pair-phase-review/DOD_111688954/annotated-frames/frame_0047_annotated.jpg,C:/Users/Dan/Desktop/Projects/igh-planning/research/ufo-derived/video-hard-pair-phase-review/DOD_111688954/object-zoom-patches/frame_0047_patch.jpg
DOD_111688954.mp4,DOW-UAP-PR28,DoW-UAP-D25,DoW-UAP-D7,48,24.00,720,full-screen SWIR track,DVIDS: 00:10 display shifts to full-screen SWIR; 00:55 contrast remains generally centered,824.8,570.8,-135.2,30.8,15,34,260,253,214.82,24,94.05,separate from colored reticle/overlay,high,C:/Users/Dan/Desktop/Projects/igh-planning/research/ufo-derived/video-hard-pair-phase-review/DOD_111688954/annotated-frames/frame_0048_annotated.jpg,C:/Users/Dan/Desktop/Projects/igh-planning/research/ufo-derived/video-hard-pair-phase-review/DOD_111688954/object-zoom-patches/frame_0048_patch.jpg
DOD_111688954.mp4,DOW-UAP-PR28,DoW-UAP-D25,DoW-UAP-D7,49,24.50,735,full-screen SWIR track,DVIDS: 00:10 display shifts to full-screen SWIR; 00:55 contrast remains generally centered,831.7,593.8,-128.3,53.8,14,31,225,255,218.27,28,97.01,separate from colored reticle/overlay,high,C:/Users/Dan/Desktop/Projects/igh-planning/research/ufo-derived/video-hard-pair-phase-review/DOD_111688954/annotated-frames/frame_0049_annotated.jpg,C:/Users/Dan/Desktop/Projects/igh-planning/research/ufo-derived/video-hard-pair-phase-review/DOD_111688954/object-zoom-patches/frame_0049_patch.jpg
DOD_111688954.mp4,DOW-UAP-PR28,DoW-UAP-D25,DoW-UAP-D7,50,25.00,750,full-screen SWIR track,DVIDS: 00:10 display shifts to full-screen SWIR; 00:55 contrast remains generally centered,842.3,648.7,-117.7,108.7,14,30,216,253,216.83,21,127.47,separate from colored reticle/overlay,high,C:/Users/Dan/Desktop/Projects/igh-planning/research/ufo-derived/video-hard-pair-phase-review/DOD_111688954/annotated-frames/frame_0050_annotated.jpg,C:/Users/Dan/Desktop/Projects/igh-planning/research/ufo-derived/video-hard-pair-phase-review/DOD_111688954/object-zoom-patches/frame_0050_patch.jpg
DOD_111688954.mp4,DOW-UAP-PR28,DoW-UAP-D25,DoW-UAP-D7,51,25.50,765,full-screen SWIR track,DVIDS: 00:10 display shifts to full-screen SWIR; 00:55 contrast remains generally centered,853.8,671.5,-106.2,131.5,13,30,228,255,218.32,10,138.09,separate from colored reticle/overlay,high,C:/Users/Dan/Desktop/Projects/igh-planning/research/ufo-derived/video-hard-pair-phase-review/DOD_111688954/annotated-frames/frame_0051_annotated.jpg,C:/Users/Dan/Desktop/Projects/igh-planning/research/ufo-derived/video-hard-pair-phase-review/DOD_111688954/object-zoom-patches/frame_0051_patch.jpg
DOD_111688954.mp4,DOW-UAP-PR28,DoW-UAP-D25,DoW-UAP-D7,52,26.00,780,full-screen SWIR track,DVIDS: 00:10 display shifts to full-screen SWIR; 00:55 contrast remains generally centered,866.7,667.8,-93.3,127.8,16,31,274,255,218.41,12,125.98,separate from colored reticle/overlay,high,C:/Users/Dan/Desktop/Projects/igh-planning/research/ufo-derived/video-hard-pair-phase-review/DOD_111688954/annotated-frames/frame_0052_annotated.jpg,C:/Users/Dan/Desktop/Projects/igh-planning/research/ufo-derived/video-hard-pair-phase-review/DOD_111688954/object-zoom-patches/frame_0052_patch.jpg
DOD_111688954.mp4,DOW-UAP-PR28,DoW-UAP-D25,DoW-UAP-D7,53,26.50,795,full-screen SWIR track,DVIDS: 00:10 display shifts to full-screen SWIR; 00:55 contrast remains generally centered,879.8,652.7,-80.2,112.7,16,32,293,255,217.62,10,106.15,separate from colored reticle/overlay,high,C:/Users/Dan/Desktop/Projects/igh-planning/research/ufo-derived/video-hard-pair-phase-review/DOD_111688954/annotated-frames/frame_0053_annotated.jpg,C:/Users/Dan/Desktop/Projects/igh-planning/research/ufo-derived/video-hard-pair-phase-review/DOD_111688954/object-zoom-patches/frame_0053_patch.jpg
DOD_111688954.mp4,DOW-UAP-PR28,DoW-UAP-D25,DoW-UAP-D7,54,27.00,810,full-screen SWIR track,DVIDS: 00:10 display shifts to full-screen SWIR; 00:55 contrast remains generally centered,894.8,598.0,-65.2,58.0,16,32,293,255,216.44,21,58.39,separate from colored reticle/overlay,high,C:/Users/Dan/Desktop/Projects/igh-planning/research/ufo-derived/video-hard-pair-phase-review/DOD_111688954/annotated-frames/frame_0054_annotated.jpg,C:/Users/Dan/Desktop/Projects/igh-planning/research/ufo-derived/video-hard-pair-phase-review/DOD_111688954/object-zoom-patches/frame_0054_patch.jpg
DOD_111688954.mp4,DOW-UAP-PR28,DoW-UAP-D25,DoW-UAP-D7,55,27.50,825,full-screen SWIR track,DVIDS: 00:10 display shifts to full-screen SWIR; 00:55 contrast remains generally centered,911.5,542.1,-48.5,2.1,16,33,288,254,214.36,34,3.48,intersects colored reticle/overlay,medium,C:/Users/Dan/Desktop/Projects/igh-planning/research/ufo-derived/video-hard-pair-phase-review/DOD_111688954/annotated-frames/frame_0055_annotated.jpg,C:/Users/Dan/Desktop/Projects/igh-planning/research/ufo-derived/video-hard-pair-phase-review/DOD_111688954/object-zoom-patches/frame_0055_patch.jpg
DOD_111688954.mp4,DOW-UAP-PR28,DoW-UAP-D25,DoW-UAP-D7,56,28.00,840,full-screen SWIR track,DVIDS: 00:10 display shifts to full-screen SWIR; 00:55 contrast remains generally centered,929.3,500.4,-30.7,-39.6,16,32,302,255,211.59,64,29.75,near colored reticle/overlay,medium,C:/Users/Dan/Desktop/Projects/igh-planning/research/ufo-derived/video-hard-pair-phase-review/DOD_111688954/annotated-frames/frame_0056_annotated.jpg,C:/Users/Dan/Desktop/Projects/igh-planning/research/ufo-derived/video-hard-pair-phase-review/DOD_111688954/object-zoom-patches/frame_0056_patch.jpg
DOD_111688954.mp4,DOW-UAP-PR28,DoW-UAP-D25,DoW-UAP-D7,57,28.50,855,full-screen SWIR track,DVIDS: 00:10 display shifts to full-screen SWIR; 00:55 contrast remains generally centered,946.6,470.4,-13.4,-69.6,17,33,325,255,209.62,58,31.13,near colored reticle/overlay,medium,C:/Users/Dan/Desktop/Projects/igh-planning/research/ufo-derived/video-hard-pair-phase-review/DOD_111688954/annotated-frames/frame_0057_annotated.jpg,C:/Users/Dan/Desktop/Projects/igh-planning/research/ufo-derived/video-hard-pair-phase-review/DOD_111688954/object-zoom-patches/frame_0057_patch.jpg
DOD_111688954.mp4,DOW-UAP-PR28,DoW-UAP-D25,DoW-UAP-D7,58,29.00,870,full-screen SWIR track,DVIDS: 00:10 display shifts to full-screen SWIR; 00:55 contrast remains generally centered,950.0,467.8,-10.0,-72.2,12,24,180,179,175.09,43,32.09,near colored reticle/overlay,medium,C:/Users/Dan/Desktop/Projects/igh-planning/research/ufo-derived/video-hard-pair-phase-review/DOD_111688954/annotated-frames/frame_0058_annotated.jpg,C:/Users/Dan/Desktop/Projects/igh-planning/research/ufo-derived/video-hard-pair-phase-review/DOD_111688954/object-zoom-patches/frame_0058_patch.jpg
DOD_111688954.mp4,DOW-UAP-PR28,DoW-UAP-D25,DoW-UAP-D7,59,29.50,885,full-screen SWIR track,DVIDS: 00:10 display shifts to full-screen SWIR; 00:55 contrast remains generally centered,991.8,461.0,31.8,-79.0,17,33,342,255,205.83,50,45.89,separate from colored reticle/overlay,medium,C:/Users/Dan/Desktop/Projects/igh-planning/research/ufo-derived/video-hard-pair-phase-review/DOD_111688954/annotated-frames/frame_0059_annotated.jpg,C:/Users/Dan/Desktop/Projects/igh-planning/research/ufo-derived/video-hard-pair-phase-review/DOD_111688954/object-zoom-patches/frame_0059_patch.jpg
DOD_111688954.mp4,DOW-UAP-PR28,DoW-UAP-D25,DoW-UAP-D7,60,30.00,900,full-screen SWIR track,DVIDS: 00:10 display shifts to full-screen SWIR; 00:55 contrast remains generally centered,998.2,524.0,38.2,-16.0,24,23,206,179,174.92,54,10.97,near colored reticle/overlay,medium,C:/Users/Dan/Desktop/Projects/igh-planning/research/ufo-derived/video-hard-pair-phase-review/DOD_111688954/annotated-frames/frame_0060_annotated.jpg,C:/Users/Dan/Desktop/Projects/igh-planning/research/ufo-derived/video-hard-pair-phase-review/DOD_111688954/object-zoom-patches/frame_0060_patch.jpg
DOD_111688954.mp4,DOW-UAP-PR28,DoW-UAP-D25,DoW-UAP-D7,61,30.50,915,full-screen SWIR track,DVIDS: 00:10 display shifts to full-screen SWIR; 00:55 contrast remains generally centered,1039.8,471.7,79.8,-68.3,17,33,341,255,207.79,37,72.65,separate from colored reticle/overlay,medium,C:/Users/Dan/Desktop/Projects/igh-planning/research/ufo-derived/video-hard-pair-phase-review/DOD_111688954/annotated-frames/frame_0061_annotated.jpg,C:/Users/Dan/Desktop/Projects/igh-planning/research/ufo-derived/video-hard-pair-phase-review/DOD_111688954/object-zoom-patches/frame_0061_patch.jpg
DOD_111688954.mp4,DOW-UAP-PR28,DoW-UAP-D25,DoW-UAP-D7,62,31.00,930,full-screen SWIR track,DVIDS: 00:10 display shifts to full-screen SWIR; 00:55 contrast remains generally centered,1063.6,472.1,103.6,-67.9,17,33,349,255,207.4,47,85.5,separate from colored reticle/overlay,medium,C:/Users/Dan/Desktop/Projects/igh-planning/research/ufo-derived/video-hard-pair-phase-review/DOD_111688954/annotated-frames/frame_0062_annotated.jpg,C:/Users/Dan/Desktop/Projects/igh-planning/research/ufo-derived/video-hard-pair-phase-review/DOD_111688954/object-zoom-patches/frame_0062_patch.jpg
DOD_111688954.mp4,DOW-UAP-PR28,DoW-UAP-D25,DoW-UAP-D7,63,31.50,945,full-screen SWIR track,DVIDS: 00:10 display shifts to full-screen SWIR; 00:55 contrast remains generally centered,1092.2,470.8,132.2,-69.2,18,31,294,255,212.14,15,107.11,separate from colored reticle/overlay,high,C:/Users/Dan/Desktop/Projects/igh-planning/research/ufo-derived/video-hard-pair-phase-review/DOD_111688954/annotated-frames/frame_0063_annotated.jpg,C:/Users/Dan/Desktop/Projects/igh-planning/research/ufo-derived/video-hard-pair-phase-review/DOD_111688954/object-zoom-patches/frame_0063_patch.jpg
DOD_111688954.mp4,DOW-UAP-PR28,DoW-UAP-D25,DoW-UAP-D7,64,32.00,960,full-screen SWIR track,DVIDS: 00:10 display shifts to full-screen SWIR; 00:55 contrast remains generally centered,1111.4,471.2,151.4,-68.8,16,32,291,255,217.12,22,121.8,separate from colored reticle/overlay,high,C:/Users/Dan/Desktop/Projects/igh-planning/research/ufo-derived/video-hard-pair-phase-review/DOD_111688954/annotated-frames/frame_0064_annotated.jpg,C:/Users/Dan/Desktop/Projects/igh-planning/research/ufo-derived/video-hard-pair-phase-review/DOD_111688954/object-zoom-patches/frame_0064_patch.jpg
DOD_111688954.mp4,DOW-UAP-PR28,DoW-UAP-D25,DoW-UAP-D7,65,32.50,975,full-screen SWIR track,DVIDS: 00:10 display shifts to full-screen SWIR; 00:55 contrast remains generally centered,1118.3,472.7,158.3,-67.3,17,33,310,255,217.89,32,117.34,separate from colored reticle/overlay,medium,C:/Users/Dan/Desktop/Projects/igh-planning/research/ufo-derived/video-hard-pair-phase-review/DOD_111688954/annotated-frames/frame_0065_annotated.jpg,C:/Users/Dan/Desktop/Projects/igh-planning/research/ufo-derived/video-hard-pair-phase-review/DOD_111688954/object-zoom-patches/frame_0065_patch.jpg
DOD_111688954.mp4,DOW-UAP-PR28,DoW-UAP-D25,DoW-UAP-D7,66,33.00,990,full-screen SWIR track,DVIDS: 00:10 display shifts to full-screen SWIR; 00:55 contrast remains generally centered,1118.4,473.7,158.4,-66.3,18,32,331,255,217.44,29,118.52,separate from colored reticle/overlay,high,C:/Users/Dan/Desktop/Projects/igh-planning/research/ufo-derived/video-hard-pair-phase-review/DOD_111688954/annotated-frames/frame_0066_annotated.jpg,C:/Users/Dan/Desktop/Projects/igh-planning/research/ufo-derived/video-hard-pair-phase-review/DOD_111688954/object-zoom-patches/frame_0066_patch.jpg
DOD_111688954.mp4,DOW-UAP-PR28,DoW-UAP-D25,DoW-UAP-D7,67,33.50,1005,full-screen SWIR track,DVIDS: 00:10 display shifts to full-screen SWIR; 00:55 contrast remains generally centered,1105.7,475.4,145.7,-64.6,15,29,239,255,219.5,34,115.47,separate from colored reticle/overlay,medium,C:/Users/Dan/Desktop/Projects/igh-planning/research/ufo-derived/video-hard-pair-phase-review/DOD_111688954/annotated-frames/frame_0067_annotated.jpg,C:/Users/Dan/Desktop/Projects/igh-planning/research/ufo-derived/video-hard-pair-phase-review/DOD_111688954/object-zoom-patches/frame_0067_patch.jpg
DOD_111688954.mp4,DOW-UAP-PR28,DoW-UAP-D25,DoW-UAP-D7,68,34.00,1020,full-screen SWIR track,DVIDS: 00:10 display shifts to full-screen SWIR; 00:55 contrast remains generally centered,1091.8,476.2,131.8,-63.8,17,28,254,255,219.42,29,103.51,separate from colored reticle/overlay,high,C:/Users/Dan/Desktop/Projects/igh-planning/research/ufo-derived/video-hard-pair-phase-review/DOD_111688954/annotated-frames/frame_0068_annotated.jpg,C:/Users/Dan/Desktop/Projects/igh-planning/research/ufo-derived/video-hard-pair-phase-review/DOD_111688954/object-zoom-patches/frame_0068_patch.jpg
DOD_111688954.mp4,DOW-UAP-PR28,DoW-UAP-D25,DoW-UAP-D7,69,34.50,1035,full-screen SWIR track,DVIDS: 00:10 display shifts to full-screen SWIR; 00:55 contrast remains generally centered,1077.1,478.6,117.1,-61.4,16,29,262,255,216.46,21,90.46,separate from colored reticle/overlay,high,C:/Users/Dan/Desktop/Projects/igh-planning/research/ufo-derived/video-hard-pair-phase-review/DOD_111688954/annotated-frames/frame_0069_annotated.jpg,C:/Users/Dan/Desktop/Projects/igh-planning/research/ufo-derived/video-hard-pair-phase-review/DOD_111688954/object-zoom-patches/frame_0069_patch.jpg
DOD_111688954.mp4,DOW-UAP-PR28,DoW-UAP-D25,DoW-UAP-D7,70,35.00,1050,full-screen SWIR track,DVIDS: 00:10 display shifts to full-screen SWIR; 00:55 contrast remains generally centered,1067.1,491.5,107.1,-48.5,17,30,299,255,213.33,8,74.58,separate from colored reticle/overlay,high,C:/Users/Dan/Desktop/Projects/igh-planning/research/ufo-derived/video-hard-pair-phase-review/DOD_111688954/annotated-frames/frame_0070_annotated.jpg,C:/Users/Dan/Desktop/Projects/igh-planning/research/ufo-derived/video-hard-pair-phase-review/DOD_111688954/object-zoom-patches/frame_0070_patch.jpg
DOD_111688954.mp4,DOW-UAP-PR28,DoW-UAP-D25,DoW-UAP-D7,71,35.50,1065,full-screen SWIR track,DVIDS: 00:10 display shifts to full-screen SWIR; 00:55 contrast remains generally centered,1070.0,501.4,110.0,-38.6,17,32,330,255,213.8,31,71.52,separate from colored reticle/overlay,medium,C:/Users/Dan/Desktop/Projects/igh-planning/research/ufo-derived/video-hard-pair-phase-review/DOD_111688954/annotated-frames/frame_0071_annotated.jpg,C:/Users/Dan/Desktop/Projects/igh-planning/research/ufo-derived/video-hard-pair-phase-review/DOD_111688954/object-zoom-patches/frame_0071_patch.jpg
DOD_111688954.mp4,DOW-UAP-PR28,DoW-UAP-D25,DoW-UAP-D7,72,36.00,1080,full-screen SWIR track,DVIDS: 00:10 display shifts to full-screen SWIR; 00:55 contrast remains generally centered,1074.8,510.3,114.8,-29.7,17,32,321,255,211.54,59,71.98,separate from colored reticle/overlay,medium,C:/Users/Dan/Desktop/Projects/igh-planning/research/ufo-derived/video-hard-pair-phase-review/DOD_111688954/annotated-frames/frame_0072_annotated.jpg,C:/Users/Dan/Desktop/Projects/igh-planning/research/ufo-derived/video-hard-pair-phase-review/DOD_111688954/object-zoom-patches/frame_0072_patch.jpg
DOD_111688954.mp4,DOW-UAP-PR28,DoW-UAP-D25,DoW-UAP-D7,73,36.50,1095,full-screen SWIR track,DVIDS: 00:10 display shifts to full-screen SWIR; 00:55 contrast remains generally centered,1082.2,513.7,122.2,-26.3,18,30,335,255,212.92,41,77.79,separate from colored reticle/overlay,medium,C:/Users/Dan/Desktop/Projects/igh-planning/research/ufo-derived/video-hard-pair-phase-review/DOD_111688954/annotated-frames/frame_0073_annotated.jpg,C:/Users/Dan/Desktop/Projects/igh-planning/research/ufo-derived/video-hard-pair-phase-review/DOD_111688954/object-zoom-patches/frame_0073_patch.jpg
DOD_111688954.mp4,DOW-UAP-PR28,DoW-UAP-D25,DoW-UAP-D7,74,37.00,1110,full-screen SWIR track,DVIDS: 00:10 display shifts to full-screen SWIR; 00:55 contrast remains generally centered,958.5,497.4,-1.5,-42.6,58,48,846,179,176.18,47,0.67,intersects colored reticle/overlay,medium,C:/Users/Dan/Desktop/Projects/igh-planning/research/ufo-derived/video-hard-pair-phase-review/DOD_111688954/annotated-frames/frame_0074_annotated.jpg,C:/Users/Dan/Desktop/Projects/igh-planning/research/ufo-derived/video-hard-pair-phase-review/DOD_111688954/object-zoom-patches/frame_0074_patch.jpg
DOD_111688954.mp4,DOW-UAP-PR28,DoW-UAP-D25,DoW-UAP-D7,75,37.50,1125,full-screen SWIR track,DVIDS: 00:10 display shifts to full-screen SWIR; 00:55 contrast remains generally centered,1102.4,523.0,142.4,-17.0,19,34,384,255,203.21,33,95.46,separate from colored reticle/overlay,medium,C:/Users/Dan/Desktop/Projects/igh-planning/research/ufo-derived/video-hard-pair-phase-review/DOD_111688954/annotated-frames/frame_0075_annotated.jpg,C:/Users/Dan/Desktop/Projects/igh-planning/research/ufo-derived/video-hard-pair-phase-review/DOD_111688954/object-zoom-patches/frame_0075_patch.jpg
DOD_111688954.mp4,DOW-UAP-PR28,DoW-UAP-D25,DoW-UAP-D7,76,38.00,1140,full-screen SWIR track,DVIDS: 00:10 display shifts to full-screen SWIR; 00:55 contrast remains generally centered,1013.0,551.4,53.0,11.4,24,32,248,170,167.94,51,8.96,near colored reticle/overlay,low,C:/Users/Dan/Desktop/Projects/igh-planning/research/ufo-derived/video-hard-pair-phase-review/DOD_111688954/annotated-frames/frame_0076_annotated.jpg,C:/Users/Dan/Desktop/Projects/igh-planning/research/ufo-derived/video-hard-pair-phase-review/DOD_111688954/object-zoom-patches/frame_0076_patch.jpg
DOD_111688954.mp4,DOW-UAP-PR28,DoW-UAP-D25,DoW-UAP-D7,77,38.50,1155,full-screen SWIR track,DVIDS: 00:10 display shifts to full-screen SWIR; 00:55 contrast remains generally centered,943.7,454.5,-16.3,-85.5,20,16,156,170,169.62,15,45.2,separate from colored reticle/overlay,low,C:/Users/Dan/Desktop/Projects/igh-planning/research/ufo-derived/video-hard-pair-phase-review/DOD_111688954/annotated-frames/frame_0077_annotated.jpg,C:/Users/Dan/Desktop/Projects/igh-planning/research/ufo-derived/video-hard-pair-phase-review/DOD_111688954/object-zoom-patches/frame_0077_patch.jpg
DOD_111688954.mp4,DOW-UAP-PR28,DoW-UAP-D25,DoW-UAP-D7,78,39.00,1170,full-screen SWIR track,DVIDS: 00:10 display shifts to full-screen SWIR; 00:55 contrast remains generally centered,887.0,516.4,-73.0,-23.6,12,33,280,172,171.85,33,34.75,near colored reticle/overlay,low,C:/Users/Dan/Desktop/Projects/igh-planning/research/ufo-derived/video-hard-pair-phase-review/DOD_111688954/annotated-frames/frame_0078_annotated.jpg,C:/Users/Dan/Desktop/Projects/igh-planning/research/ufo-derived/video-hard-pair-phase-review/DOD_111688954/object-zoom-patches/frame_0078_patch.jpg
DOD_111688954.mp4,DOW-UAP-PR28,DoW-UAP-D25,DoW-UAP-D7,79,39.50,1185,full-screen SWIR track,DVIDS: 00:10 display shifts to full-screen SWIR; 00:55 contrast remains generally centered,948.2,507.7,-11.8,-32.3,16,21,211,173,171.82,46,10.82,near colored reticle/overlay,low,C:/Users/Dan/Desktop/Projects/igh-planning/research/ufo-derived/video-hard-pair-phase-review/DOD_111688954/annotated-frames/frame_0079_annotated.jpg,C:/Users/Dan/Desktop/Projects/igh-planning/research/ufo-derived/video-hard-pair-phase-review/DOD_111688954/object-zoom-patches/frame_0079_patch.jpg
DOD_111688954.mp4,DOW-UAP-PR28,DoW-UAP-D25,DoW-UAP-D7,80,40.00,1200,full-screen SWIR track,DVIDS: 00:10 display shifts to full-screen SWIR; 00:55 contrast remains generally centered,1118.5,540.5,158.5,0.5,12,8,92,172,171.83,44,110.5,separate from colored reticle/overlay,low,C:/Users/Dan/Desktop/Projects/igh-planning/research/ufo-derived/video-hard-pair-phase-review/DOD_111688954/annotated-frames/frame_0080_annotated.jpg,C:/Users/Dan/Desktop/Projects/igh-planning/research/ufo-derived/video-hard-pair-phase-review/DOD_111688954/object-zoom-patches/frame_0080_patch.jpg
DOD_111688954.mp4,DOW-UAP-PR28,DoW-UAP-D25,DoW-UAP-D7,81,40.50,1215,full-screen SWIR track,DVIDS: 00:10 display shifts to full-screen SWIR; 00:55 contrast remains generally centered,1037.6,512.0,77.6,-28.0,18,30,325,255,205.42,37,38.7,separate from colored reticle/overlay,medium,C:/Users/Dan/Desktop/Projects/igh-planning/research/ufo-derived/video-hard-pair-phase-review/DOD_111688954/annotated-frames/frame_0081_annotated.jpg,C:/Users/Dan/Desktop/Projects/igh-planning/research/ufo-derived/video-hard-pair-phase-review/DOD_111688954/object-zoom-patches/frame_0081_patch.jpg
DOD_111688954.mp4,DOW-UAP-PR28,DoW-UAP-D25,DoW-UAP-D7,82,41.00,1230,full-screen SWIR track,DVIDS: 00:10 display shifts to full-screen SWIR; 00:55 contrast remains generally centered,1044.6,570.2,84.6,30.2,21,11,164,174,172.93,24,45.04,separate from colored reticle/overlay,low,C:/Users/Dan/Desktop/Projects/igh-planning/research/ufo-derived/video-hard-pair-phase-review/DOD_111688954/annotated-frames/frame_0082_annotated.jpg,C:/Users/Dan/Desktop/Projects/igh-planning/research/ufo-derived/video-hard-pair-phase-review/DOD_111688954/object-zoom-patches/frame_0082_patch.jpg
DOD_111688954.mp4,DOW-UAP-PR28,DoW-UAP-D25,DoW-UAP-D7,83,41.50,1245,full-screen SWIR track,DVIDS: 00:10 display shifts to full-screen SWIR; 00:55 contrast remains generally centered,1072.9,529.4,112.9,-10.6,19,33,357,255,204.55,22,65.36,separate from colored reticle/overlay,high,C:/Users/Dan/Desktop/Projects/igh-planning/research/ufo-derived/video-hard-pair-phase-review/DOD_111688954/annotated-frames/frame_0083_annotated.jpg,C:/Users/Dan/Desktop/Projects/igh-planning/research/ufo-derived/video-hard-pair-phase-review/DOD_111688954/object-zoom-patches/frame_0083_patch.jpg
DOD_111688954.mp4,DOW-UAP-PR28,DoW-UAP-D25,DoW-UAP-D7,84,42.00,1260,full-screen SWIR track,DVIDS: 00:10 display shifts to full-screen SWIR; 00:55 contrast remains generally centered,1090.6,538.2,130.6,-1.8,18,34,388,255,206.21,25,82.58,separate from colored reticle/overlay,high,C:/Users/Dan/Desktop/Projects/igh-planning/research/ufo-derived/video-hard-pair-phase-review/DOD_111688954/annotated-frames/frame_0084_annotated.jpg,C:/Users/Dan/Desktop/Projects/igh-planning/research/ufo-derived/video-hard-pair-phase-review/DOD_111688954/object-zoom-patches/frame_0084_patch.jpg
DOD_111688954.mp4,DOW-UAP-PR28,DoW-UAP-D25,DoW-UAP-D7,85,42.50,1275,full-screen SWIR track,DVIDS: 00:10 display shifts to full-screen SWIR; 00:55 contrast remains generally centered,953.0,482.2,-7.0,-57.8,20,16,204,176,175.84,16,15.96,near colored reticle/overlay,medium,C:/Users/Dan/Desktop/Projects/igh-planning/research/ufo-derived/video-hard-pair-phase-review/DOD_111688954/annotated-frames/frame_0085_annotated.jpg,C:/Users/Dan/Desktop/Projects/igh-planning/research/ufo-derived/video-hard-pair-phase-review/DOD_111688954/object-zoom-patches/frame_0085_patch.jpg
DOD_111688954.mp4,DOW-UAP-PR28,DoW-UAP-D25,DoW-UAP-D7,86,43.00,1290,full-screen SWIR track,DVIDS: 00:10 display shifts to full-screen SWIR; 00:55 contrast remains generally centered,1072.3,557.1,112.3,17.1,19,31,346,255,210.69,9,65.6,separate from colored reticle/overlay,high,C:/Users/Dan/Desktop/Projects/igh-planning/research/ufo-derived/video-hard-pair-phase-review/DOD_111688954/annotated-frames/frame_0086_annotated.jpg,C:/Users/Dan/Desktop/Projects/igh-planning/research/ufo-derived/video-hard-pair-phase-review/DOD_111688954/object-zoom-patches/frame_0086_patch.jpg
DOD_111688954.mp4,DOW-UAP-PR28,DoW-UAP-D25,DoW-UAP-D7,87,43.50,1305,full-screen SWIR track,DVIDS: 00:10 display shifts to full-screen SWIR; 00:55 contrast remains generally centered,1054.2,566.5,94.2,26.5,19,30,337,255,210.04,15,51.36,separate from colored reticle/overlay,high,C:/Users/Dan/Desktop/Projects/igh-planning/research/ufo-derived/video-hard-pair-phase-review/DOD_111688954/annotated-frames/frame_0087_annotated.jpg,C:/Users/Dan/Desktop/Projects/igh-planning/research/ufo-derived/video-hard-pair-phase-review/DOD_111688954/object-zoom-patches/frame_0087_patch.jpg
DOD_111688954.mp4,DOW-UAP-PR28,DoW-UAP-D25,DoW-UAP-D7,88,44.00,1320,full-screen SWIR track,DVIDS: 00:10 display shifts to full-screen SWIR; 00:55 contrast remains generally centered,1034.3,592.2,74.3,52.2,38,48,791,255,196.33,22,54.9,separate from colored reticle/overlay,high,C:/Users/Dan/Desktop/Projects/igh-planning/research/ufo-derived/video-hard-pair-phase-review/DOD_111688954/annotated-frames/frame_0088_annotated.jpg,C:/Users/Dan/Desktop/Projects/igh-planning/research/ufo-derived/video-hard-pair-phase-review/DOD_111688954/object-zoom-patches/frame_0088_patch.jpg
DOD_111688954.mp4,DOW-UAP-PR28,DoW-UAP-D25,DoW-UAP-D7,89,44.50,1335,full-screen SWIR track,DVIDS: 00:10 display shifts to full-screen SWIR; 00:55 contrast remains generally centered,989.6,584.6,29.6,44.6,16,24,217,255,220.0,16,23.72,near colored reticle/overlay,high,C:/Users/Dan/Desktop/Projects/igh-planning/research/ufo-derived/video-hard-pair-phase-review/DOD_111688954/annotated-frames/frame_0089_annotated.jpg,C:/Users/Dan/Desktop/Projects/igh-planning/research/ufo-derived/video-hard-pair-phase-review/DOD_111688954/object-zoom-patches/frame_0089_patch.jpg
DOD_111688954.mp4,DOW-UAP-PR28,DoW-UAP-D25,DoW-UAP-D7,90,45.00,1350,full-screen SWIR track,DVIDS: 00:10 display shifts to full-screen SWIR; 00:55 contrast remains generally centered,950.3,593.0,-9.7,53.0,14,17,167,255,224.86,13,14.03,near colored reticle/overlay,high,C:/Users/Dan/Desktop/Projects/igh-planning/research/ufo-derived/video-hard-pair-phase-review/DOD_111688954/annotated-frames/frame_0090_annotated.jpg,C:/Users/Dan/Desktop/Projects/igh-planning/research/ufo-derived/video-hard-pair-phase-review/DOD_111688954/object-zoom-patches/frame_0090_patch.jpg
DOD_111688954.mp4,DOW-UAP-PR28,DoW-UAP-D25,DoW-UAP-D7,91,45.50,1365,full-screen SWIR track,DVIDS: 00:10 display shifts to full-screen SWIR; 00:55 contrast remains generally centered,917.9,599.5,-42.1,59.5,13,16,150,255,224.86,16,44.65,separate from colored reticle/overlay,high,C:/Users/Dan/Desktop/Projects/igh-planning/research/ufo-derived/video-hard-pair-phase-review/DOD_111688954/annotated-frames/frame_0091_annotated.jpg,C:/Users/Dan/Desktop/Projects/igh-planning/research/ufo-derived/video-hard-pair-phase-review/DOD_111688954/object-zoom-patches/frame_0091_patch.jpg
DOD_111688954.mp4,DOW-UAP-PR28,DoW-UAP-D25,DoW-UAP-D7,92,46.00,1380,full-screen SWIR track,DVIDS: 00:10 display shifts to full-screen SWIR; 00:55 contrast remains generally centered,885.2,607.3,-74.8,67.3,12,15,128,254,222.38,10,69.96,separate from colored reticle/overlay,high,C:/Users/Dan/Desktop/Projects/igh-planning/research/ufo-derived/video-hard-pair-phase-review/DOD_111688954/annotated-frames/frame_0092_annotated.jpg,C:/Users/Dan/Desktop/Projects/igh-planning/research/ufo-derived/video-hard-pair-phase-review/DOD_111688954/object-zoom-patches/frame_0092_patch.jpg
DOD_111688954.mp4,DOW-UAP-PR28,DoW-UAP-D25,DoW-UAP-D7,93,46.50,1395,full-screen SWIR track,DVIDS: 00:10 display shifts to full-screen SWIR; 00:55 contrast remains generally centered,877.7,615.0,-82.3,75.0,12,15,125,255,220.82,8,80.21,separate from colored reticle/overlay,high,C:/Users/Dan/Desktop/Projects/igh-planning/research/ufo-derived/video-hard-pair-phase-review/DOD_111688954/annotated-frames/frame_0093_annotated.jpg,C:/Users/Dan/Desktop/Projects/igh-planning/research/ufo-derived/video-hard-pair-phase-review/DOD_111688954/object-zoom-patches/frame_0093_patch.jpg
DOD_111688954.mp4,DOW-UAP-PR28,DoW-UAP-D25,DoW-UAP-D7,94,47.00,1410,full-screen SWIR track,DVIDS: 00:10 display shifts to full-screen SWIR; 00:55 contrast remains generally centered,873.2,622.2,-86.8,82.2,12,14,118,255,220.53,11,88.66,separate from colored reticle/overlay,high,C:/Users/Dan/Desktop/Projects/igh-planning/research/ufo-derived/video-hard-pair-phase-review/DOD_111688954/annotated-frames/frame_0094_annotated.jpg,C:/Users/Dan/Desktop/Projects/igh-planning/research/ufo-derived/video-hard-pair-phase-review/DOD_111688954/object-zoom-patches/frame_0094_patch.jpg
DOD_111688954.mp4,DOW-UAP-PR28,DoW-UAP-D25,DoW-UAP-D7,95,47.50,1425,full-screen SWIR track,DVIDS: 00:10 display shifts to full-screen SWIR; 00:55 contrast remains generally centered,868.4,631.7,-91.6,91.7,11,14,114,255,222.55,6,99.3,separate from colored reticle/overlay,high,C:/Users/Dan/Desktop/Projects/igh-planning/research/ufo-derived/video-hard-pair-phase-review/DOD_111688954/annotated-frames/frame_0095_annotated.jpg,C:/Users/Dan/Desktop/Projects/igh-planning/research/ufo-derived/video-hard-pair-phase-review/DOD_111688954/object-zoom-patches/frame_0095_patch.jpg
DOD_111688954.mp4,DOW-UAP-PR28,DoW-UAP-D25,DoW-UAP-D7,96,48.00,1440,full-screen SWIR track,DVIDS: 00:10 display shifts to full-screen SWIR; 00:55 contrast remains generally centered,865.0,641.0,-95.0,101.0,10,13,100,253,222.95,10,109.15,separate from colored reticle/overlay,high,C:/Users/Dan/Desktop/Projects/igh-planning/research/ufo-derived/video-hard-pair-phase-review/DOD_111688954/annotated-frames/frame_0096_annotated.jpg,C:/Users/Dan/Desktop/Projects/igh-planning/research/ufo-derived/video-hard-pair-phase-review/DOD_111688954/object-zoom-patches/frame_0096_patch.jpg
DOD_111688954.mp4,DOW-UAP-PR28,DoW-UAP-D25,DoW-UAP-D7,97,48.50,1455,full-screen SWIR track,DVIDS: 00:10 display shifts to full-screen SWIR; 00:55 contrast remains generally centered,853.4,650.7,-106.6,110.7,10,14,104,255,218.04,12,123.24,separate from colored reticle/overlay,high,C:/Users/Dan/Desktop/Projects/igh-planning/research/ufo-derived/video-hard-pair-phase-review/DOD_111688954/annotated-frames/frame_0097_annotated.jpg,C:/Users/Dan/Desktop/Projects/igh-planning/research/ufo-derived/video-hard-pair-phase-review/DOD_111688954/object-zoom-patches/frame_0097_patch.jpg
DOD_111688954.mp4,DOW-UAP-PR28,DoW-UAP-D25,DoW-UAP-D7,98,49.00,1470,full-screen SWIR track,DVIDS: 00:10 display shifts to full-screen SWIR; 00:55 contrast remains generally centered,839.7,655.1,-120.3,115.1,10,13,99,255,219.77,15,134.21,separate from colored reticle/overlay,high,C:/Users/Dan/Desktop/Projects/igh-planning/research/ufo-derived/video-hard-pair-phase-review/DOD_111688954/annotated-frames/frame_0098_annotated.jpg,C:/Users/Dan/Desktop/Projects/igh-planning/research/ufo-derived/video-hard-pair-phase-review/DOD_111688954/object-zoom-patches/frame_0098_patch.jpg
DOD_111688954.mp4,DOW-UAP-PR28,DoW-UAP-D25,DoW-UAP-D7,99,49.50,1485,full-screen SWIR track,DVIDS: 00:10 display shifts to full-screen SWIR; 00:55 contrast remains generally centered,824.4,651.7,-135.6,111.7,10,12,92,255,221.02,8,140.73,separate from colored reticle/overlay,high,C:/Users/Dan/Desktop/Projects/igh-planning/research/ufo-derived/video-hard-pair-phase-review/DOD_111688954/annotated-frames/frame_0099_annotated.jpg,C:/Users/Dan/Desktop/Projects/igh-planning/research/ufo-derived/video-hard-pair-phase-review/DOD_111688954/object-zoom-patches/frame_0099_patch.jpg
DOD_111688954.mp4,DOW-UAP-PR28,DoW-UAP-D25,DoW-UAP-D7,100,50.00,1500,full-screen SWIR track,DVIDS: 00:10 display shifts to full-screen SWIR; 00:55 contrast remains generally centered,814.2,644.0,-145.8,104.0,9,12,85,255,216.85,21,141.95,separate from colored reticle/overlay,high,C:/Users/Dan/Desktop/Projects/igh-planning/research/ufo-derived/video-hard-pair-phase-review/DOD_111688954/annotated-frames/frame_0100_annotated.jpg,C:/Users/Dan/Desktop/Projects/igh-planning/research/ufo-derived/video-hard-pair-phase-review/DOD_111688954/object-zoom-patches/frame_0100_patch.jpg
DOD_111688954.mp4,DOW-UAP-PR28,DoW-UAP-D25,DoW-UAP-D7,101,50.50,1515,full-screen SWIR track,DVIDS: 00:10 display shifts to full-screen SWIR; 00:55 contrast remains generally centered,804.4,632.0,-155.6,92.0,10,12,87,252,217.28,11,141.3,separate from colored reticle/overlay,high,C:/Users/Dan/Desktop/Projects/igh-planning/research/ufo-derived/video-hard-pair-phase-review/DOD_111688954/annotated-frames/frame_0101_annotated.jpg,C:/Users/Dan/Desktop/Projects/igh-planning/research/ufo-derived/video-hard-pair-phase-review/DOD_111688954/object-zoom-patches/frame_0101_patch.jpg
DOD_111688954.mp4,DOW-UAP-PR28,DoW-UAP-D25,DoW-UAP-D7,102,51.00,1530,full-screen SWIR track,DVIDS: 00:10 display shifts to full-screen SWIR; 00:55 contrast remains generally centered,793.6,620.8,-166.4,80.8,10,12,86,255,219.47,9,143.61,separate from colored reticle/overlay,high,C:/Users/Dan/Desktop/Projects/igh-planning/research/ufo-derived/video-hard-pair-phase-review/DOD_111688954/annotated-frames/frame_0102_annotated.jpg,C:/Users/Dan/Desktop/Projects/igh-planning/research/ufo-derived/video-hard-pair-phase-review/DOD_111688954/object-zoom-patches/frame_0102_patch.jpg
DOD_111688954.mp4,DOW-UAP-PR28,DoW-UAP-D25,DoW-UAP-D7,103,51.50,1545,full-screen SWIR track,DVIDS: 00:10 display shifts to full-screen SWIR; 00:55 contrast remains generally centered,787.1,610.7,-172.9,70.7,9,12,88,255,217.03,12,144.68,separate from colored reticle/overlay,high,C:/Users/Dan/Desktop/Projects/igh-planning/research/ufo-derived/video-hard-pair-phase-review/DOD_111688954/annotated-frames/frame_0103_annotated.jpg,C:/Users/Dan/Desktop/Projects/igh-planning/research/ufo-derived/video-hard-pair-phase-review/DOD_111688954/object-zoom-patches/frame_0103_patch.jpg
DOD_111688954.mp4,DOW-UAP-PR28,DoW-UAP-D25,DoW-UAP-D7,104,52.00,1560,full-screen SWIR track,DVIDS: 00:10 display shifts to full-screen SWIR; 00:55 contrast remains generally centered,795.1,603.8,-164.9,63.8,9,14,95,252,216.0,17,133.96,separate from colored reticle/overlay,high,C:/Users/Dan/Desktop/Projects/igh-planning/research/ufo-derived/video-hard-pair-phase-review/DOD_111688954/annotated-frames/frame_0104_annotated.jpg,C:/Users/Dan/Desktop/Projects/igh-planning/research/ufo-derived/video-hard-pair-phase-review/DOD_111688954/object-zoom-patches/frame_0104_patch.jpg
DOD_111688954.mp4,DOW-UAP-PR28,DoW-UAP-D25,DoW-UAP-D7,105,52.50,1575,full-screen SWIR track,DVIDS: 00:10 display shifts to full-screen SWIR; 00:55 contrast remains generally centered,818.6,600.6,-141.4,60.6,8,12,75,250,213.48,11,111.76,separate from colored reticle/overlay,high,C:/Users/Dan/Desktop/Projects/igh-planning/research/ufo-derived/video-hard-pair-phase-review/DOD_111688954/annotated-frames/frame_0105_annotated.jpg,C:/Users/Dan/Desktop/Projects/igh-planning/research/ufo-derived/video-hard-pair-phase-review/DOD_111688954/object-zoom-patches/frame_0105_patch.jpg
DOD_111688954.mp4,DOW-UAP-PR28,DoW-UAP-D25,DoW-UAP-D7,106,53.00,1590,full-screen SWIR track,DVIDS: 00:10 display shifts to full-screen SWIR; 00:55 contrast remains generally centered,844.5,607.1,-115.5,67.1,10,11,81,255,212.8,37,94.56,separate from colored reticle/overlay,medium,C:/Users/Dan/Desktop/Projects/igh-planning/research/ufo-derived/video-hard-pair-phase-review/DOD_111688954/annotated-frames/frame_0106_annotated.jpg,C:/Users/Dan/Desktop/Projects/igh-planning/research/ufo-derived/video-hard-pair-phase-review/DOD_111688954/object-zoom-patches/frame_0106_patch.jpg
DOD_111688954.mp4,DOW-UAP-PR28,DoW-UAP-D25,DoW-UAP-D7,107,53.50,1605,full-screen SWIR track,DVIDS: 00:10 display shifts to full-screen SWIR; 00:55 contrast remains generally centered,870.7,614.9,-89.3,74.9,9,14,96,250,211.73,10,83.65,separate from colored reticle/overlay,high,C:/Users/Dan/Desktop/Projects/igh-planning/research/ufo-derived/video-hard-pair-phase-review/DOD_111688954/annotated-frames/frame_0107_annotated.jpg,C:/Users/Dan/Desktop/Projects/igh-planning/research/ufo-derived/video-hard-pair-phase-review/DOD_111688954/object-zoom-patches/frame_0107_patch.jpg
DOD_111688954.mp4,DOW-UAP-PR28,DoW-UAP-D25,DoW-UAP-D7,108,54.00,1620,full-screen SWIR track,DVIDS: 00:10 display shifts to full-screen SWIR; 00:55 contrast remains generally centered,899.4,621.5,-60.6,81.5,9,14,93,253,208.8,36,70.4,separate from colored reticle/overlay,medium,C:/Users/Dan/Desktop/Projects/igh-planning/research/ufo-derived/video-hard-pair-phase-review/DOD_111688954/annotated-frames/frame_0108_annotated.jpg,C:/Users/Dan/Desktop/Projects/igh-planning/research/ufo-derived/video-hard-pair-phase-review/DOD_111688954/object-zoom-patches/frame_0108_patch.jpg
DOD_111688954.mp4,DOW-UAP-PR28,DoW-UAP-D25,DoW-UAP-D7,109,54.50,1635,full-screen SWIR track,DVIDS: 00:10 display shifts to full-screen SWIR; 00:55 contrast remains generally centered,923.6,619.7,-36.4,79.7,10,14,107,253,207.98,25,50.29,separate from colored reticle/overlay,high,C:/Users/Dan/Desktop/Projects/igh-planning/research/ufo-derived/video-hard-pair-phase-review/DOD_111688954/annotated-frames/frame_0109_annotated.jpg,C:/Users/Dan/Desktop/Projects/igh-planning/research/ufo-derived/video-hard-pair-phase-review/DOD_111688954/object-zoom-patches/frame_0109_patch.jpg
DOD_111688954.mp4,DOW-UAP-PR28,DoW-UAP-D25,DoW-UAP-D7,110,55.00,1650,full-screen SWIR track,DVIDS: 00:10 display shifts to full-screen SWIR; 00:55 contrast remains generally centered,941.0,606.9,-19.0,66.9,10,13,96,253,210.82,18,29.16,near colored reticle/overlay,high,C:/Users/Dan/Desktop/Projects/igh-planning/research/ufo-derived/video-hard-pair-phase-review/DOD_111688954/annotated-frames/frame_0110_annotated.jpg,C:/Users/Dan/Desktop/Projects/igh-planning/research/ufo-derived/video-hard-pair-phase-review/DOD_111688954/object-zoom-patches/frame_0110_patch.jpg
DOD_111688954.mp4,DOW-UAP-PR28,DoW-UAP-D25,DoW-UAP-D7,111,55.50,1665,full-screen SWIR track,DVIDS: 00:10 display shifts to full-screen SWIR; 00:55 contrast remains generally centered,947.9,578.6,-12.1,38.6,9,12,88,253,213.9,12,11.09,near colored reticle/overlay,high,C:/Users/Dan/Desktop/Projects/igh-planning/research/ufo-derived/video-hard-pair-phase-review/DOD_111688954/annotated-frames/frame_0111_annotated.jpg,C:/Users/Dan/Desktop/Projects/igh-planning/research/ufo-derived/video-hard-pair-phase-review/DOD_111688954/object-zoom-patches/frame_0111_patch.jpg
DOD_111688954.mp4,DOW-UAP-PR28,DoW-UAP-D25,DoW-UAP-D7,112,56.00,1680,visible-spectrum loss,DVIDS: 00:56 operator switches to visible spectrum and loses subject,955.6,547.4,-4.4,7.4,8,12,75,251,217.03,6,6.58,near colored reticle/overlay,low,C:/Users/Dan/Desktop/Projects/igh-planning/research/ufo-derived/video-hard-pair-phase-review/DOD_111688954/annotated-frames/frame_0112_annotated.jpg,C:/Users/Dan/Desktop/Projects/igh-planning/research/ufo-derived/video-hard-pair-phase-review/DOD_111688954/object-zoom-patches/frame_0112_patch.jpg
DOD_111688954.mp4,DOW-UAP-PR28,DoW-UAP-D25,DoW-UAP-D7,113,56.50,1695,visible-spectrum loss,DVIDS: 00:56 operator switches to visible spectrum and loses subject,,,,,,,,,,,,no candidate,none,C:/Users/Dan/Desktop/Projects/igh-planning/research/ufo-derived/video-hard-pair-phase-review/DOD_111688954/annotated-frames/frame_0113_annotated.jpg,C:/Users/Dan/Desktop/Projects/igh-planning/research/ufo-derived/video-hard-pair-phase-review/DOD_111688954/object-zoom-patches/frame_0113_patch.jpg
DOD_111688954.mp4,DOW-UAP-PR28,DoW-UAP-D25,DoW-UAP-D7,114,57.00,1710,SWIR black-hot non-reacquisition,DVIDS: 00:57-01:05 switches to SWIR black-hot but does not reacquire area of contrast,,,,,,,,,,,,no candidate,none,C:/Users/Dan/Desktop/Projects/igh-planning/research/ufo-derived/video-hard-pair-phase-review/DOD_111688954/annotated-frames/frame_0114_annotated.jpg,C:/Users/Dan/Desktop/Projects/igh-planning/research/ufo-derived/video-hard-pair-phase-review/DOD_111688954/object-zoom-patches/frame_0114_patch.jpg
DOD_111688954.mp4,DOW-UAP-PR28,DoW-UAP-D25,DoW-UAP-D7,115,57.50,1725,SWIR black-hot non-reacquisition,DVIDS: 00:57-01:05 switches to SWIR black-hot but does not reacquire area of contrast,,,,,,,,,,,,no candidate,none,C:/Users/Dan/Desktop/Projects/igh-planning/research/ufo-derived/video-hard-pair-phase-review/DOD_111688954/annotated-frames/frame_0115_annotated.jpg,C:/Users/Dan/Desktop/Projects/igh-planning/research/ufo-derived/video-hard-pair-phase-review/DOD_111688954/object-zoom-patches/frame_0115_patch.jpg
DOD_111688954.mp4,DOW-UAP-PR28,DoW-UAP-D25,DoW-UAP-D7,116,58.00,1740,SWIR black-hot non-reacquisition,DVIDS: 00:57-01:05 switches to SWIR black-hot but does not reacquire area of contrast,1914.0,0.5,954.0,-539.5,11,2,22,255,129.77,1,1.5,intersects colored reticle/overlay,low,C:/Users/Dan/Desktop/Projects/igh-planning/research/ufo-derived/video-hard-pair-phase-review/DOD_111688954/annotated-frames/frame_0116_annotated.jpg,C:/Users/Dan/Desktop/Projects/igh-planning/research/ufo-derived/video-hard-pair-phase-review/DOD_111688954/object-zoom-patches/frame_0116_patch.jpg
DOD_111688954.mp4,DOW-UAP-PR28,DoW-UAP-D25,DoW-UAP-D7,117,58.50,1755,SWIR black-hot non-reacquisition,DVIDS: 00:57-01:05 switches to SWIR black-hot but does not reacquire area of contrast,1793.0,0.5,833.0,-539.5,13,2,26,254,131.96,3,1.5,intersects colored reticle/overlay,low,C:/Users/Dan/Desktop/Projects/igh-planning/research/ufo-derived/video-hard-pair-phase-review/DOD_111688954/annotated-frames/frame_0117_annotated.jpg,C:/Users/Dan/Desktop/Projects/igh-planning/research/ufo-derived/video-hard-pair-phase-review/DOD_111688954/object-zoom-patches/frame_0117_patch.jpg
DOD_111688954.mp4,DOW-UAP-PR28,DoW-UAP-D25,DoW-UAP-D7,118,59.00,1770,SWIR black-hot non-reacquisition,DVIDS: 00:57-01:05 switches to SWIR black-hot but does not reacquire area of contrast,505.7,9.6,-454.3,-530.4,23,8,109,203,185.5,46,257.47,separate from colored reticle/overlay,low,C:/Users/Dan/Desktop/Projects/igh-planning/research/ufo-derived/video-hard-pair-phase-review/DOD_111688954/annotated-frames/frame_0118_annotated.jpg,C:/Users/Dan/Desktop/Projects/igh-planning/research/ufo-derived/video-hard-pair-phase-review/DOD_111688954/object-zoom-patches/frame_0118_patch.jpg
DOD_111688954.mp4,DOW-UAP-PR28,DoW-UAP-D25,DoW-UAP-D7,119,59.50,1785,SWIR black-hot non-reacquisition,DVIDS: 00:57-01:05 switches to SWIR black-hot but does not reacquire area of contrast,1902.5,507.2,942.5,-32.8,11,8,62,227,196.13,33,511.2,separate from colored reticle/overlay,low,C:/Users/Dan/Desktop/Projects/igh-planning/research/ufo-derived/video-hard-pair-phase-review/DOD_111688954/annotated-frames/frame_0119_annotated.jpg,C:/Users/Dan/Desktop/Projects/igh-planning/research/ufo-derived/video-hard-pair-phase-review/DOD_111688954/object-zoom-patches/frame_0119_patch.jpg
DOD_111688954.mp4,DOW-UAP-PR28,DoW-UAP-D25,DoW-UAP-D7,120,60.00,1800,SWIR black-hot non-reacquisition,DVIDS: 00:57-01:05 switches to SWIR black-hot but does not reacquire area of contrast,1874.7,80.8,914.7,-459.2,10,10,64,225,195.2,14,468.94,separate from colored reticle/overlay,low,C:/Users/Dan/Desktop/Projects/igh-planning/research/ufo-derived/video-hard-pair-phase-review/DOD_111688954/annotated-frames/frame_0120_annotated.jpg,C:/Users/Dan/Desktop/Projects/igh-planning/research/ufo-derived/video-hard-pair-phase-review/DOD_111688954/object-zoom-patches/frame_0120_patch.jpg
DOD_111688954.mp4,DOW-UAP-PR28,DoW-UAP-D25,DoW-UAP-D7,121,60.50,1815,SWIR black-hot non-reacquisition,DVIDS: 00:57-01:05 switches to SWIR black-hot but does not reacquire area of contrast,603.2,12.7,-356.8,-527.3,40,12,296,195,175.62,42,275.97,separate from colored reticle/overlay,low,C:/Users/Dan/Desktop/Projects/igh-planning/research/ufo-derived/video-hard-pair-phase-review/DOD_111688954/annotated-frames/frame_0121_annotated.jpg,C:/Users/Dan/Desktop/Projects/igh-planning/research/ufo-derived/video-hard-pair-phase-review/DOD_111688954/object-zoom-patches/frame_0121_patch.jpg
DOD_111688954.mp4,DOW-UAP-PR28,DoW-UAP-D25,DoW-UAP-D7,122,61.00,1830,SWIR black-hot non-reacquisition,DVIDS: 00:57-01:05 switches to SWIR black-hot but does not reacquire area of contrast,1909.9,108.8,949.9,-431.2,14,54,452,237,174.36,27,42.01,separate from colored reticle/overlay,low,C:/Users/Dan/Desktop/Projects/igh-planning/research/ufo-derived/video-hard-pair-phase-review/DOD_111688954/annotated-frames/frame_0122_annotated.jpg,C:/Users/Dan/Desktop/Projects/igh-planning/research/ufo-derived/video-hard-pair-phase-review/DOD_111688954/object-zoom-patches/frame_0122_patch.jpg
DOD_111688954.mp4,DOW-UAP-PR28,DoW-UAP-D25,DoW-UAP-D7,123,61.50,1845,SWIR black-hot non-reacquisition,DVIDS: 00:57-01:05 switches to SWIR black-hot but does not reacquire area of contrast,1078.9,12.7,118.9,-527.3,31,14,207,210,199.42,25,421.23,separate from colored reticle/overlay,low,C:/Users/Dan/Desktop/Projects/igh-planning/research/ufo-derived/video-hard-pair-phase-review/DOD_111688954/annotated-frames/frame_0123_annotated.jpg,C:/Users/Dan/Desktop/Projects/igh-planning/research/ufo-derived/video-hard-pair-phase-review/DOD_111688954/object-zoom-patches/frame_0123_patch.jpg
DOD_111688954.mp4,DOW-UAP-PR28,DoW-UAP-D25,DoW-UAP-D7,124,62.00,1860,SWIR black-hot non-reacquisition,DVIDS: 00:57-01:05 switches to SWIR black-hot but does not reacquire area of contrast,1131.5,13.3,171.5,-526.7,58,16,538,232,211.29,7,166.94,separate from colored reticle/overlay,low,C:/Users/Dan/Desktop/Projects/igh-planning/research/ufo-derived/video-hard-pair-phase-review/DOD_111688954/annotated-frames/frame_0124_annotated.jpg,C:/Users/Dan/Desktop/Projects/igh-planning/research/ufo-derived/video-hard-pair-phase-review/DOD_111688954/object-zoom-patches/frame_0124_patch.jpg
DOD_111688954.mp4,DOW-UAP-PR28,DoW-UAP-D25,DoW-UAP-D7,125,62.50,1875,SWIR black-hot non-reacquisition,DVIDS: 00:57-01:05 switches to SWIR black-hot but does not reacquire area of contrast,1134.7,14.3,174.7,-525.7,62,22,723,228,208.59,7,384.72,separate from colored reticle/overlay,low,C:/Users/Dan/Desktop/Projects/igh-planning/research/ufo-derived/video-hard-pair-phase-review/DOD_111688954/annotated-frames/frame_0125_annotated.jpg,C:/Users/Dan/Desktop/Projects/igh-planning/research/ufo-derived/video-hard-pair-phase-review/DOD_111688954/object-zoom-patches/frame_0125_patch.jpg
DOD_111688954.mp4,DOW-UAP-PR28,DoW-UAP-D25,DoW-UAP-D7,126,63.00,1890,SWIR black-hot non-reacquisition,DVIDS: 00:57-01:05 switches to SWIR black-hot but does not reacquire area of contrast,1135.2,15.7,175.2,-524.3,66,23,794,224,206.49,19,383.42,separate from colored reticle/overlay,low,C:/Users/Dan/Desktop/Projects/igh-planning/research/ufo-derived/video-hard-pair-phase-review/DOD_111688954/annotated-frames/frame_0126_annotated.jpg,C:/Users/Dan/Desktop/Projects/igh-planning/research/ufo-derived/video-hard-pair-phase-review/DOD_111688954/object-zoom-patches/frame_0126_patch.jpg
DOD_111688954.mp4,DOW-UAP-PR28,DoW-UAP-D25,DoW-UAP-D7,127,63.50,1905,SWIR black-hot non-reacquisition,DVIDS: 00:57-01:05 switches to SWIR black-hot but does not reacquire area of contrast,1133.1,19.1,173.1,-520.9,62,25,562,238,216.29,21,379.75,separate from colored reticle/overlay,low,C:/Users/Dan/Desktop/Projects/igh-planning/research/ufo-derived/video-hard-pair-phase-review/DOD_111688954/annotated-frames/frame_0127_annotated.jpg,C:/Users/Dan/Desktop/Projects/igh-planning/research/ufo-derived/video-hard-pair-phase-review/DOD_111688954/object-zoom-patches/frame_0127_patch.jpg
DOD_111688954.mp4,DOW-UAP-PR28,DoW-UAP-D25,DoW-UAP-D7,128,64.00,1920,SWIR black-hot non-reacquisition,DVIDS: 00:57-01:05 switches to SWIR black-hot but does not reacquire area of contrast,1133.6,27.4,173.6,-512.5,47,27,400,238,217.74,16,376.3,separate from colored reticle/overlay,low,C:/Users/Dan/Desktop/Projects/igh-planning/research/ufo-derived/video-hard-pair-phase-review/DOD_111688954/annotated-frames/frame_0128_annotated.jpg,C:/Users/Dan/Desktop/Projects/igh-planning/research/ufo-derived/video-hard-pair-phase-review/DOD_111688954/object-zoom-patches/frame_0128_patch.jpg
DOD_111688954.mp4,DOW-UAP-PR28,DoW-UAP-D25,DoW-UAP-D7,129,64.50,1935,SWIR black-hot non-reacquisition,DVIDS: 00:57-01:05 switches to SWIR black-hot but does not reacquire area of contrast,1203.2,19.3,243.2,-520.7,26,13,208,235,214.27,17,55.14,separate from colored reticle/overlay,low,C:/Users/Dan/Desktop/Projects/igh-planning/research/ufo-derived/video-hard-pair-phase-review/DOD_111688954/annotated-frames/frame_0129_annotated.jpg,C:/Users/Dan/Desktop/Projects/igh-planning/research/ufo-derived/video-hard-pair-phase-review/DOD_111688954/object-zoom-patches/frame_0129_patch.jpg
DOD_111688954.mp4,DOW-UAP-PR28,DoW-UAP-D25,DoW-UAP-D7,130,65.00,1950,SWIR black-hot non-reacquisition,DVIDS: 00:57-01:05 switches to SWIR black-hot but does not reacquire area of contrast,1138.7,44.4,178.7,-495.6,15,15,113,220,206.78,36,273.39,separate from colored reticle/overlay,low,C:/Users/Dan/Desktop/Projects/igh-planning/research/ufo-derived/video-hard-pair-phase-review/DOD_111688954/annotated-frames/frame_0130_annotated.jpg,C:/Users/Dan/Desktop/Projects/igh-planning/research/ufo-derived/video-hard-pair-phase-review/DOD_111688954/object-zoom-patches/frame_0130_patch.jpg
DOD_111688954.mp4,DOW-UAP-PR28,DoW-UAP-D25,DoW-UAP-D7,131,65.50,1965,SWIR black-hot non-reacquisition,DVIDS: 00:57-01:05 switches to SWIR black-hot but does not reacquire area of contrast,221.4,16.0,-738.6,-524.0,35,16,298,228,199.69,45,185.55,separate from colored reticle/overlay,low,C:/Users/Dan/Desktop/Projects/igh-planning/research/ufo-derived/video-hard-pair-phase-review/DOD_111688954/annotated-frames/frame_0131_annotated.jpg,C:/Users/Dan/Desktop/Projects/igh-planning/research/ufo-derived/video-hard-pair-phase-review/DOD_111688954/object-zoom-patches/frame_0131_patch.jpg

