video,release_id,sample_index,approx_second,source_frame_index,dvids_phase,dvids_anchor,review_quality,candidate_group_count,target_center_x,target_center_y,bbox_x0,bbox_y0,bbox_w,bbox_h,component_count,star_like_proxy,component_area,component_min_luma,dark_contrast_delta,fill_ratio,aspect_ratio,distance_from_reticle_px,edge_margin_px,raw_score,caveat,annotated_frame_path,zoom_patch_path
DOD_111689051.mp4,DOW-UAP-PR38,0,0.0,0,initial star-like contrast,DVIDS 00:00-00:09: initial area of contrast before zoom,none,7,848.0,468.5,834,458,29,23,1,yes,333,46,79.0,0.4993,1.261,132.88,368.55,1202.894,"pre-zoom mark is too weak, edge-confounded, or inconsistent with the central area",research/ufo-derived/video-motion-pass/pr38-startrail-review/DOD_111689051/annotated-frames/frame_0000_annotated.jpg,research/ufo-derived/video-motion-pass/pr38-startrail-review/DOD_111689051/target-patches/frame_0000_patch.jpg
DOD_111689051.mp4,DOW-UAP-PR38,1,1.0,30,initial star-like contrast,DVIDS 00:00-00:09: initial area of contrast before zoom,none,0,,,,,,,,no,,,,,,,,,no dark star-like contrast group survived overlay filtering,research/ufo-derived/video-motion-pass/pr38-startrail-review/DOD_111689051/annotated-frames/frame_0001_annotated.jpg,research/ufo-derived/video-motion-pass/pr38-startrail-review/DOD_111689051/target-patches/frame_0001_patch.jpg
DOD_111689051.mp4,DOW-UAP-PR38,2,2.0,60,initial star-like contrast,DVIDS 00:00-00:09: initial area of contrast before zoom,none,9,354.4,898.6,317,865,90,101,3,yes,704,4,152.0,0.0774,1.122,703.83,71.37,2915.39,"pre-zoom mark is too weak, edge-confounded, or inconsistent with the central area",research/ufo-derived/video-motion-pass/pr38-startrail-review/DOD_111689051/annotated-frames/frame_0002_annotated.jpg,research/ufo-derived/video-motion-pass/pr38-startrail-review/DOD_111689051/target-patches/frame_0002_patch.jpg
DOD_111689051.mp4,DOW-UAP-PR38,3,3.0,90,initial star-like contrast,DVIDS 00:00-00:09: initial area of contrast before zoom,medium,9,975.8,642.5,945,617,73,52,3,yes,1268,30,81.0,0.334,1.404,103.73,327.48,2541.173,initial area recovered; support capped because target is small before zoom,research/ufo-derived/video-motion-pass/pr38-startrail-review/DOD_111689051/annotated-frames/frame_0003_annotated.jpg,research/ufo-derived/video-motion-pass/pr38-startrail-review/DOD_111689051/target-patches/frame_0003_patch.jpg
DOD_111689051.mp4,DOW-UAP-PR38,4,4.0,120,initial star-like contrast,DVIDS 00:00-00:09: initial area of contrast before zoom,medium,11,949.8,638.6,913,617,66,59,2,yes,1398,25,83.0,0.359,1.119,99.09,331.44,2633.604,initial area recovered; support capped because target is small before zoom,research/ufo-derived/video-motion-pass/pr38-startrail-review/DOD_111689051/annotated-frames/frame_0004_annotated.jpg,research/ufo-derived/video-motion-pass/pr38-startrail-review/DOD_111689051/target-patches/frame_0004_patch.jpg
DOD_111689051.mp4,DOW-UAP-PR38,5,5.0,150,initial star-like contrast,DVIDS 00:00-00:09: initial area of contrast before zoom,medium,8,1023.0,791.6,995,771,68,40,1,yes,1128,5,116.0,0.4147,1.7,259.41,178.37,2257.018,initial area recovered; support capped because target is small before zoom,research/ufo-derived/video-motion-pass/pr38-startrail-review/DOD_111689051/annotated-frames/frame_0005_annotated.jpg,research/ufo-derived/video-motion-pass/pr38-startrail-review/DOD_111689051/target-patches/frame_0005_patch.jpg
DOD_111689051.mp4,DOW-UAP-PR38,6,6.0,180,initial star-like contrast,DVIDS 00:00-00:09: initial area of contrast before zoom,none,6,365.6,222.7,338,211,36,35,1,yes,214,0,103.0,0.1698,1.029,673.8,122.67,1315.586,"pre-zoom mark is too weak, edge-confounded, or inconsistent with the central area",research/ufo-derived/video-motion-pass/pr38-startrail-review/DOD_111689051/annotated-frames/frame_0006_annotated.jpg,research/ufo-derived/video-motion-pass/pr38-startrail-review/DOD_111689051/target-patches/frame_0006_patch.jpg
DOD_111689051.mp4,DOW-UAP-PR38,7,7.0,210,initial star-like contrast,DVIDS 00:00-00:09: initial area of contrast before zoom,medium,8,1059.9,802.4,1028,781,63,40,1,yes,1053,11,115.0,0.4179,1.575,280.78,167.6,2175.376,initial area recovered; support capped because target is small before zoom,research/ufo-derived/video-motion-pass/pr38-startrail-review/DOD_111689051/annotated-frames/frame_0007_annotated.jpg,research/ufo-derived/video-motion-pass/pr38-startrail-review/DOD_111689051/target-patches/frame_0007_patch.jpg
DOD_111689051.mp4,DOW-UAP-PR38,8,8.0,240,initial star-like contrast,DVIDS 00:00-00:09: initial area of contrast before zoom,medium,8,1083.7,791.9,1050,770,75,41,1,yes,1177,17,107.0,0.3828,1.829,280.65,178.08,2257.181,initial area recovered; support capped because target is small before zoom,research/ufo-derived/video-motion-pass/pr38-startrail-review/DOD_111689051/annotated-frames/frame_0008_annotated.jpg,research/ufo-derived/video-motion-pass/pr38-startrail-review/DOD_111689051/target-patches/frame_0008_patch.jpg
DOD_111689051.mp4,DOW-UAP-PR38,9,9.0,270,initial star-like contrast,DVIDS 00:00-00:09: initial area of contrast before zoom,medium,8,1070.1,794.5,1047,774,58,43,1,yes,1039,16,108.0,0.4166,1.349,277.32,175.48,2114.24,initial area recovered; support capped because target is small before zoom,research/ufo-derived/video-motion-pass/pr38-startrail-review/DOD_111689051/annotated-frames/frame_0009_annotated.jpg,research/ufo-derived/video-motion-pass/pr38-startrail-review/DOD_111689051/target-patches/frame_0009_patch.jpg
DOD_111689051.mp4,DOW-UAP-PR38,10,10.0,300,zoom-in event,DVIDS 00:10: sensor field of view narrows to zoom in on the area of contrast,high,9,1016.5,770.2,977,747,91,46,1,yes,1337,15,105.0,0.3194,1.978,237.03,199.79,2446.129,dark star-like contrast group recovered in the sensor field,research/ufo-derived/video-motion-pass/pr38-startrail-review/DOD_111689051/annotated-frames/frame_0010_annotated.jpg,research/ufo-derived/video-motion-pass/pr38-startrail-review/DOD_111689051/target-patches/frame_0010_patch.jpg
DOD_111689051.mp4,DOW-UAP-PR38,11,11.0,330,star-like movement with trail,"DVIDS 00:11-00:29: area of contrast moves in field of view, followed by a visible trail",low,7,1152.5,959.8,1020,942,260,28,1,yes,2976,0,110.0,0.4088,9.286,461.83,10.2,3067.568,weak or partially overlay-confounded dark contrast group,research/ufo-derived/video-motion-pass/pr38-startrail-review/DOD_111689051/annotated-frames/frame_0011_annotated.jpg,research/ufo-derived/video-motion-pass/pr38-startrail-review/DOD_111689051/target-patches/frame_0011_patch.jpg
DOD_111689051.mp4,DOW-UAP-PR38,12,12.0,360,star-like movement with trail,"DVIDS 00:11-00:29: area of contrast moves in field of view, followed by a visible trail",high,5,396.0,940.7,369,930,37,36,1,yes,236,4,124.0,0.1772,1.028,691.82,29.34,1463.098,dark star-like contrast group recovered during DVIDS trail/movement interval,research/ufo-derived/video-motion-pass/pr38-startrail-review/DOD_111689051/annotated-frames/frame_0012_annotated.jpg,research/ufo-derived/video-motion-pass/pr38-startrail-review/DOD_111689051/target-patches/frame_0012_patch.jpg
DOD_111689051.mp4,DOW-UAP-PR38,13,13.0,390,star-like movement with trail,"DVIDS 00:11-00:29: area of contrast moves in field of view, followed by a visible trail",high,5,396.1,940.6,369,930,37,36,1,yes,231,4,119.0,0.1734,1.028,691.7,29.41,1424.357,dark star-like contrast group recovered during DVIDS trail/movement interval,research/ufo-derived/video-motion-pass/pr38-startrail-review/DOD_111689051/annotated-frames/frame_0013_annotated.jpg,research/ufo-derived/video-motion-pass/pr38-startrail-review/DOD_111689051/target-patches/frame_0013_patch.jpg
DOD_111689051.mp4,DOW-UAP-PR38,14,14.0,420,star-like movement with trail,"DVIDS 00:11-00:29: area of contrast moves in field of view, followed by a visible trail",high,6,1282.1,942.6,1235,882,91,88,2,yes,2119,1,73.0,0.2646,1.034,515.6,27.42,3319.038,dark star-like contrast group recovered during DVIDS trail/movement interval,research/ufo-derived/video-motion-pass/pr38-startrail-review/DOD_111689051/annotated-frames/frame_0014_annotated.jpg,research/ufo-derived/video-motion-pass/pr38-startrail-review/DOD_111689051/target-patches/frame_0014_patch.jpg
DOD_111689051.mp4,DOW-UAP-PR38,15,15.0,450,star-like movement with trail,"DVIDS 00:11-00:29: area of contrast moves in field of view, followed by a visible trail",high,8,1304.6,736.7,1190,665,240,99,1,yes,4830,0,112.0,0.2033,2.424,396.79,233.29,4018.096,dark star-like contrast group recovered during DVIDS trail/movement interval,research/ufo-derived/video-motion-pass/pr38-startrail-review/DOD_111689051/annotated-frames/frame_0015_annotated.jpg,research/ufo-derived/video-motion-pass/pr38-startrail-review/DOD_111689051/target-patches/frame_0015_patch.jpg
DOD_111689051.mp4,DOW-UAP-PR38,16,16.0,480,star-like movement with trail,"DVIDS 00:11-00:29: area of contrast moves in field of view, followed by a visible trail",high,6,1267.7,717.8,1149,632,243,129,6,yes,5459,0,103.0,0.1741,1.884,355.42,252.2,8376.088,dark star-like contrast group recovered during DVIDS trail/movement interval,research/ufo-derived/video-motion-pass/pr38-startrail-review/DOD_111689051/annotated-frames/frame_0016_annotated.jpg,research/ufo-derived/video-motion-pass/pr38-startrail-review/DOD_111689051/target-patches/frame_0016_patch.jpg
DOD_111689051.mp4,DOW-UAP-PR38,17,17.0,510,star-like movement with trail,"DVIDS 00:11-00:29: area of contrast moves in field of view, followed by a visible trail",high,5,1238.3,715.3,1129,639,226,126,3,yes,5666,1,99.0,0.199,1.794,328.88,254.7,5378.327,dark star-like contrast group recovered during DVIDS trail/movement interval,research/ufo-derived/video-motion-pass/pr38-startrail-review/DOD_111689051/annotated-frames/frame_0017_annotated.jpg,research/ufo-derived/video-motion-pass/pr38-startrail-review/DOD_111689051/target-patches/frame_0017_patch.jpg
DOD_111689051.mp4,DOW-UAP-PR38,18,18.0,540,star-like movement with trail,"DVIDS 00:11-00:29: area of contrast moves in field of view, followed by a visible trail",high,4,1228.2,702.0,1125,621,214,173,5,yes,5452,0,110.0,0.1473,1.237,313.34,268.03,6894.808,dark star-like contrast group recovered during DVIDS trail/movement interval,research/ufo-derived/video-motion-pass/pr38-startrail-review/DOD_111689051/annotated-frames/frame_0018_annotated.jpg,research/ufo-derived/video-motion-pass/pr38-startrail-review/DOD_111689051/target-patches/frame_0018_patch.jpg
DOD_111689051.mp4,DOW-UAP-PR38,19,19.0,570,star-like movement with trail,"DVIDS 00:11-00:29: area of contrast moves in field of view, followed by a visible trail",high,5,1216.9,682.4,1106,595,216,181,4,yes,5547,0,115.0,0.1419,1.193,293.77,287.55,6138.919,dark star-like contrast group recovered during DVIDS trail/movement interval,research/ufo-derived/video-motion-pass/pr38-startrail-review/DOD_111689051/annotated-frames/frame_0019_annotated.jpg,research/ufo-derived/video-motion-pass/pr38-startrail-review/DOD_111689051/target-patches/frame_0019_patch.jpg
DOD_111689051.mp4,DOW-UAP-PR38,20,20.0,600,star-like movement with trail,"DVIDS 00:11-00:29: area of contrast moves in field of view, followed by a visible trail",high,5,1227.1,667.0,1106,582,244,178,5,yes,5796,3,99.0,0.1334,1.371,295.7,303.04,7893.341,dark star-like contrast group recovered during DVIDS trail/movement interval,research/ufo-derived/video-motion-pass/pr38-startrail-review/DOD_111689051/annotated-frames/frame_0020_annotated.jpg,research/ufo-derived/video-motion-pass/pr38-startrail-review/DOD_111689051/target-patches/frame_0020_patch.jpg
DOD_111689051.mp4,DOW-UAP-PR38,21,21.0,630,star-like movement with trail,"DVIDS 00:11-00:29: area of contrast moves in field of view, followed by a visible trail",high,6,1244.4,686.5,1128,611,234,150,6,yes,5757,3,96.0,0.164,1.56,319.93,283.52,6565.93,dark star-like contrast group recovered during DVIDS trail/movement interval,research/ufo-derived/video-motion-pass/pr38-startrail-review/DOD_111689051/annotated-frames/frame_0021_annotated.jpg,research/ufo-derived/video-motion-pass/pr38-startrail-review/DOD_111689051/target-patches/frame_0021_patch.jpg
DOD_111689051.mp4,DOW-UAP-PR38,22,22.0,660,star-like movement with trail,"DVIDS 00:11-00:29: area of contrast moves in field of view, followed by a visible trail",low,8,1582.5,769.4,1573,727,21,74,1,no,1160,79,43.0,0.7465,3.524,663.43,142.47,1402.057,weak or partially overlay-confounded dark contrast group,research/ufo-derived/video-motion-pass/pr38-startrail-review/DOD_111689051/annotated-frames/frame_0022_annotated.jpg,research/ufo-derived/video-motion-pass/pr38-startrail-review/DOD_111689051/target-patches/frame_0022_patch.jpg
DOD_111689051.mp4,DOW-UAP-PR38,23,23.0,690,star-like movement with trail,"DVIDS 00:11-00:29: area of contrast moves in field of view, followed by a visible trail",medium,7,1576.5,950.9,1519,927,109,43,2,yes,2336,2,75.0,0.4984,2.535,740.91,19.08,3290.545,"usable star-like group, but contrast, size, or overlay separation is weaker",research/ufo-derived/video-motion-pass/pr38-startrail-review/DOD_111689051/annotated-frames/frame_0023_annotated.jpg,research/ufo-derived/video-motion-pass/pr38-startrail-review/DOD_111689051/target-patches/frame_0023_patch.jpg
DOD_111689051.mp4,DOW-UAP-PR38,24,24.0,720,star-like movement with trail,"DVIDS 00:11-00:29: area of contrast moves in field of view, followed by a visible trail",medium,8,1563.5,945.9,1479,927,161,43,4,yes,1175,5,59.0,0.1697,3.744,727.26,24.14,2298.735,"usable star-like group, but contrast, size, or overlay separation is weaker",research/ufo-derived/video-motion-pass/pr38-startrail-review/DOD_111689051/annotated-frames/frame_0024_annotated.jpg,research/ufo-derived/video-motion-pass/pr38-startrail-review/DOD_111689051/target-patches/frame_0024_patch.jpg
DOD_111689051.mp4,DOW-UAP-PR38,25,25.0,750,star-like movement with trail,"DVIDS 00:11-00:29: area of contrast moves in field of view, followed by a visible trail",high,6,1382.6,641.6,1231,525,250,243,9,yes,5903,3,89.0,0.0972,1.029,434.68,328.38,9826.554,dark star-like contrast group recovered during DVIDS trail/movement interval,research/ufo-derived/video-motion-pass/pr38-startrail-review/DOD_111689051/annotated-frames/frame_0025_annotated.jpg,research/ufo-derived/video-motion-pass/pr38-startrail-review/DOD_111689051/target-patches/frame_0025_patch.jpg
DOD_111689051.mp4,DOW-UAP-PR38,26,26.0,780,star-like movement with trail,"DVIDS 00:11-00:29: area of contrast moves in field of view, followed by a visible trail",high,5,1301.0,550.3,1131,424,350,243,8,yes,6015,1,90.0,0.0707,1.44,341.15,419.67,9774.97,dark star-like contrast group recovered during DVIDS trail/movement interval,research/ufo-derived/video-motion-pass/pr38-startrail-review/DOD_111689051/annotated-frames/frame_0026_annotated.jpg,research/ufo-derived/video-motion-pass/pr38-startrail-review/DOD_111689051/target-patches/frame_0026_patch.jpg
DOD_111689051.mp4,DOW-UAP-PR38,27,27.0,810,star-like movement with trail,"DVIDS 00:11-00:29: area of contrast moves in field of view, followed by a visible trail",high,6,1215.9,697.2,1052,586,323,222,9,yes,6118,2,88.0,0.0853,1.455,300.36,272.77,10547.516,dark star-like contrast group recovered during DVIDS trail/movement interval,research/ufo-derived/video-motion-pass/pr38-startrail-review/DOD_111689051/annotated-frames/frame_0027_annotated.jpg,research/ufo-derived/video-motion-pass/pr38-startrail-review/DOD_111689051/target-patches/frame_0027_patch.jpg
DOD_111689051.mp4,DOW-UAP-PR38,28,28.0,840,star-like movement with trail,"DVIDS 00:11-00:29: area of contrast moves in field of view, followed by a visible trail",medium,8,1050.3,776.3,974,694,148,122,4,yes,3688,6,56.0,0.2043,1.213,252.98,193.7,5294.088,"usable star-like group, but contrast, size, or overlay separation is weaker",research/ufo-derived/video-motion-pass/pr38-startrail-review/DOD_111689051/annotated-frames/frame_0028_annotated.jpg,research/ufo-derived/video-motion-pass/pr38-startrail-review/DOD_111689051/target-patches/frame_0028_patch.jpg
DOD_111689051.mp4,DOW-UAP-PR38,29,29.0,870,star-like movement with trail,"DVIDS 00:11-00:29: area of contrast moves in field of view, followed by a visible trail",high,7,782.6,834.4,707,721,155,238,10,yes,5575,0,71.0,0.1511,1.535,343.73,135.58,9279.169,dark star-like contrast group recovered during DVIDS trail/movement interval,research/ufo-derived/video-motion-pass/pr38-startrail-review/DOD_111689051/annotated-frames/frame_0029_annotated.jpg,research/ufo-derived/video-motion-pass/pr38-startrail-review/DOD_111689051/target-patches/frame_0029_patch.jpg
DOD_111689051.mp4,DOW-UAP-PR38,30,30.0,900,bottom-right exit and cut gap,"DVIDS 00:30-00:34: area leaves the field of view at the bottom right, before an apparent cut",none,5,834.0,699.7,733,587,262,227,10,yes,5856,1,80.0,0.0985,1.154,203.45,270.28,10026.427,cut-gap/exit phase does not contain a usable in-frame target group,research/ufo-derived/video-motion-pass/pr38-startrail-review/DOD_111689051/annotated-frames/frame_0030_annotated.jpg,research/ufo-derived/video-motion-pass/pr38-startrail-review/DOD_111689051/target-patches/frame_0030_patch.jpg
DOD_111689051.mp4,DOW-UAP-PR38,31,31.0,930,bottom-right exit and cut gap,"DVIDS 00:30-00:34: area leaves the field of view at the bottom right, before an apparent cut",low,7,1380.7,645.9,1252,548,229,241,11,yes,5557,4,84.0,0.1007,1.052,433.85,324.13,9389.143,weak bottom-right exit residual,research/ufo-derived/video-motion-pass/pr38-startrail-review/DOD_111689051/annotated-frames/frame_0031_annotated.jpg,research/ufo-derived/video-motion-pass/pr38-startrail-review/DOD_111689051/target-patches/frame_0031_patch.jpg
DOD_111689051.mp4,DOW-UAP-PR38,32,32.0,960,bottom-right exit and cut gap,"DVIDS 00:30-00:34: area leaves the field of view at the bottom right, before an apparent cut",none,7,1255.6,132.2,1244,106,36,56,2,yes,214,2,77.0,0.1062,1.556,503.68,32.19,1597.364,cut-gap/exit phase does not contain a usable in-frame target group,research/ufo-derived/video-motion-pass/pr38-startrail-review/DOD_111689051/annotated-frames/frame_0032_annotated.jpg,research/ufo-derived/video-motion-pass/pr38-startrail-review/DOD_111689051/target-patches/frame_0032_patch.jpg
DOD_111689051.mp4,DOW-UAP-PR38,33,33.0,990,bottom-right exit and cut gap,"DVIDS 00:30-00:34: area leaves the field of view at the bottom right, before an apparent cut",none,7,1256.9,136.8,1244,106,36,56,2,yes,235,2,83.0,0.1166,1.556,500.74,36.8,1671.937,cut-gap/exit phase does not contain a usable in-frame target group,research/ufo-derived/video-motion-pass/pr38-startrail-review/DOD_111689051/annotated-frames/frame_0033_annotated.jpg,research/ufo-derived/video-motion-pass/pr38-startrail-review/DOD_111689051/target-patches/frame_0033_patch.jpg
DOD_111689051.mp4,DOW-UAP-PR38,34,34.0,1020,bottom-right exit and cut gap,"DVIDS 00:30-00:34: area leaves the field of view at the bottom right, before an apparent cut",none,9,1256.4,137.9,1244,106,36,56,2,yes,247,2,81.0,0.1225,1.556,499.51,37.94,1631.057,cut-gap/exit phase does not contain a usable in-frame target group,research/ufo-derived/video-motion-pass/pr38-startrail-review/DOD_111689051/annotated-frames/frame_0034_annotated.jpg,research/ufo-derived/video-motion-pass/pr38-startrail-review/DOD_111689051/target-patches/frame_0034_patch.jpg
DOD_111689051.mp4,DOW-UAP-PR38,35,35.0,1050,post-cut in-field star-like contrast,"DVIDS 00:35-01:43: following apparent cut, area generally remains within field of view",high,8,1258.0,136.6,1244,106,35,56,2,yes,182,3,83.0,0.0929,1.6,501.52,36.64,1561.317,dark star-like contrast group recovered in the sensor field,research/ufo-derived/video-motion-pass/pr38-startrail-review/DOD_111689051/annotated-frames/frame_0035_annotated.jpg,research/ufo-derived/video-motion-pass/pr38-startrail-review/DOD_111689051/target-patches/frame_0035_patch.jpg
DOD_111689051.mp4,DOW-UAP-PR38,36,36.0,1080,post-cut in-field star-like contrast,"DVIDS 00:35-01:43: following apparent cut, area generally remains within field of view",high,9,1241.3,754.2,1141,661,183,142,5,yes,2875,2,110.0,0.1106,1.289,353.56,215.79,5776.279,dark star-like contrast group recovered in the sensor field,research/ufo-derived/video-motion-pass/pr38-startrail-review/DOD_111689051/annotated-frames/frame_0036_annotated.jpg,research/ufo-derived/video-motion-pass/pr38-startrail-review/DOD_111689051/target-patches/frame_0036_patch.jpg
DOD_111689051.mp4,DOW-UAP-PR38,37,37.0,1110,post-cut in-field star-like contrast,"DVIDS 00:35-01:43: following apparent cut, area generally remains within field of view",high,9,395.8,940.5,369,930,37,36,1,yes,231,2,120.0,0.1734,1.028,691.85,29.55,1431.924,dark star-like contrast group recovered in the sensor field,research/ufo-derived/video-motion-pass/pr38-startrail-review/DOD_111689051/annotated-frames/frame_0037_annotated.jpg,research/ufo-derived/video-motion-pass/pr38-startrail-review/DOD_111689051/target-patches/frame_0037_patch.jpg
DOD_111689051.mp4,DOW-UAP-PR38,38,38.0,1140,post-cut in-field star-like contrast,"DVIDS 00:35-01:43: following apparent cut, area generally remains within field of view",high,7,1425.1,756.8,1353,671,184,130,3,yes,4958,1,120.0,0.2073,1.415,513.14,213.21,5660.23,dark star-like contrast group recovered in the sensor field,research/ufo-derived/video-motion-pass/pr38-startrail-review/DOD_111689051/annotated-frames/frame_0038_annotated.jpg,research/ufo-derived/video-motion-pass/pr38-startrail-review/DOD_111689051/target-patches/frame_0038_patch.jpg
DOD_111689051.mp4,DOW-UAP-PR38,39,39.0,1170,post-cut in-field star-like contrast,"DVIDS 00:35-01:43: following apparent cut, area generally remains within field of view",high,4,1356.6,685.9,1234,590,187,211,5,yes,5795,0,105.0,0.1469,1.128,422.59,284.07,6381.676,dark star-like contrast group recovered in the sensor field,research/ufo-derived/video-motion-pass/pr38-startrail-review/DOD_111689051/annotated-frames/frame_0039_annotated.jpg,research/ufo-derived/video-motion-pass/pr38-startrail-review/DOD_111689051/target-patches/frame_0039_patch.jpg
DOD_111689051.mp4,DOW-UAP-PR38,40,40.0,1200,post-cut in-field star-like contrast,"DVIDS 00:35-01:43: following apparent cut, area generally remains within field of view",high,5,1321.8,693.5,1182,601,239,160,5,yes,5955,1,127.0,0.1557,1.494,393.01,276.46,8614.737,dark star-like contrast group recovered in the sensor field,research/ufo-derived/video-motion-pass/pr38-startrail-review/DOD_111689051/annotated-frames/frame_0040_annotated.jpg,research/ufo-derived/video-motion-pass/pr38-startrail-review/DOD_111689051/target-patches/frame_0040_patch.jpg
DOD_111689051.mp4,DOW-UAP-PR38,41,41.0,1230,post-cut in-field star-like contrast,"DVIDS 00:35-01:43: following apparent cut, area generally remains within field of view",high,7,1263.8,744.1,1119,648,318,142,6,yes,4857,5,108.0,0.1076,2.239,365.94,225.94,8090.105,dark star-like contrast group recovered in the sensor field,research/ufo-derived/video-motion-pass/pr38-startrail-review/DOD_111689051/annotated-frames/frame_0041_annotated.jpg,research/ufo-derived/video-motion-pass/pr38-startrail-review/DOD_111689051/target-patches/frame_0041_patch.jpg
DOD_111689051.mp4,DOW-UAP-PR38,42,42.0,1260,post-cut in-field star-like contrast,"DVIDS 00:35-01:43: following apparent cut, area generally remains within field of view",high,6,1234.7,730.6,1168,635,184,185,5,yes,4900,2,122.0,0.1439,1.005,334.41,239.36,8197.386,dark star-like contrast group recovered in the sensor field,research/ufo-derived/video-motion-pass/pr38-startrail-review/DOD_111689051/annotated-frames/frame_0042_annotated.jpg,research/ufo-derived/video-motion-pass/pr38-startrail-review/DOD_111689051/target-patches/frame_0042_patch.jpg
DOD_111689051.mp4,DOW-UAP-PR38,43,43.0,1290,post-cut in-field star-like contrast,"DVIDS 00:35-01:43: following apparent cut, area generally remains within field of view",high,4,1202.3,703.4,1071,598,253,213,9,yes,6020,2,113.0,0.1117,1.188,292.3,266.57,10950.357,dark star-like contrast group recovered in the sensor field,research/ufo-derived/video-motion-pass/pr38-startrail-review/DOD_111689051/annotated-frames/frame_0043_annotated.jpg,research/ufo-derived/video-motion-pass/pr38-startrail-review/DOD_111689051/target-patches/frame_0043_patch.jpg
DOD_111689051.mp4,DOW-UAP-PR38,44,44.0,1320,post-cut in-field star-like contrast,"DVIDS 00:35-01:43: following apparent cut, area generally remains within field of view",high,4,1217.8,666.3,1081,571,274,207,10,yes,5948,0,113.0,0.1049,1.324,287.07,303.75,11403.816,dark star-like contrast group recovered in the sensor field,research/ufo-derived/video-motion-pass/pr38-startrail-review/DOD_111689051/annotated-frames/frame_0044_annotated.jpg,research/ufo-derived/video-motion-pass/pr38-startrail-review/DOD_111689051/target-patches/frame_0044_patch.jpg
DOD_111689051.mp4,DOW-UAP-PR38,45,45.0,1350,post-cut in-field star-like contrast,"DVIDS 00:35-01:43: following apparent cut, area generally remains within field of view",high,5,1230.4,637.3,1094,533,277,202,9,yes,5669,1,112.0,0.1013,1.371,287.43,332.65,10767.126,dark star-like contrast group recovered in the sensor field,research/ufo-derived/video-motion-pass/pr38-startrail-review/DOD_111689051/annotated-frames/frame_0045_annotated.jpg,research/ufo-derived/video-motion-pass/pr38-startrail-review/DOD_111689051/target-patches/frame_0045_patch.jpg
DOD_111689051.mp4,DOW-UAP-PR38,46,46.0,1380,post-cut in-field star-like contrast,"DVIDS 00:35-01:43: following apparent cut, area generally remains within field of view",high,4,1233.7,655.4,1093,546,287,203,8,yes,5635,0,112.0,0.0967,1.414,297.04,314.62,10564.235,dark star-like contrast group recovered in the sensor field,research/ufo-derived/video-motion-pass/pr38-startrail-review/DOD_111689051/annotated-frames/frame_0046_annotated.jpg,research/ufo-derived/video-motion-pass/pr38-startrail-review/DOD_111689051/target-patches/frame_0046_patch.jpg
DOD_111689051.mp4,DOW-UAP-PR38,47,47.0,1410,post-cut in-field star-like contrast,"DVIDS 00:35-01:43: following apparent cut, area generally remains within field of view",high,5,1190.4,712.2,1063,616,286,194,10,yes,5576,2,117.0,0.1005,1.474,287.69,257.75,10918.759,dark star-like contrast group recovered in the sensor field,research/ufo-derived/video-motion-pass/pr38-startrail-review/DOD_111689051/annotated-frames/frame_0047_annotated.jpg,research/ufo-derived/video-motion-pass/pr38-startrail-review/DOD_111689051/target-patches/frame_0047_patch.jpg
DOD_111689051.mp4,DOW-UAP-PR38,48,48.0,1440,post-cut in-field star-like contrast,"DVIDS 00:35-01:43: following apparent cut, area generally remains within field of view",high,4,1112.8,720.5,982,617,285,191,8,yes,5502,0,119.0,0.1011,1.492,236.51,249.48,10219.633,dark star-like contrast group recovered in the sensor field,research/ufo-derived/video-motion-pass/pr38-startrail-review/DOD_111689051/annotated-frames/frame_0048_annotated.jpg,research/ufo-derived/video-motion-pass/pr38-startrail-review/DOD_111689051/target-patches/frame_0048_patch.jpg
DOD_111689051.mp4,DOW-UAP-PR38,49,49.0,1470,post-cut in-field star-like contrast,"DVIDS 00:35-01:43: following apparent cut, area generally remains within field of view",high,4,1130.7,699.5,992,600,268,202,8,yes,5673,2,114.0,0.1048,1.327,233.67,270.48,10438.755,dark star-like contrast group recovered in the sensor field,research/ufo-derived/video-motion-pass/pr38-startrail-review/DOD_111689051/annotated-frames/frame_0049_annotated.jpg,research/ufo-derived/video-motion-pass/pr38-startrail-review/DOD_111689051/target-patches/frame_0049_patch.jpg
DOD_111689051.mp4,DOW-UAP-PR38,50,50.0,1500,post-cut in-field star-like contrast,"DVIDS 00:35-01:43: following apparent cut, area generally remains within field of view",high,4,1198.4,655.4,1077,556,240,215,7,yes,5542,0,125.0,0.1074,1.116,264.85,314.57,10075.337,dark star-like contrast group recovered in the sensor field,research/ufo-derived/video-motion-pass/pr38-startrail-review/DOD_111689051/annotated-frames/frame_0050_annotated.jpg,research/ufo-derived/video-motion-pass/pr38-startrail-review/DOD_111689051/target-patches/frame_0050_patch.jpg
DOD_111689051.mp4,DOW-UAP-PR38,51,51.0,1530,post-cut in-field star-like contrast,"DVIDS 00:35-01:43: following apparent cut, area generally remains within field of view",high,7,1182.1,655.7,1059,547,254,214,5,yes,5704,1,119.0,0.1049,1.187,250.4,314.3,8122.099,dark star-like contrast group recovered in the sensor field,research/ufo-derived/video-motion-pass/pr38-startrail-review/DOD_111689051/annotated-frames/frame_0051_annotated.jpg,research/ufo-derived/video-motion-pass/pr38-startrail-review/DOD_111689051/target-patches/frame_0051_patch.jpg
DOD_111689051.mp4,DOW-UAP-PR38,52,52.0,1560,post-cut in-field star-like contrast,"DVIDS 00:35-01:43: following apparent cut, area generally remains within field of view",high,4,1125.8,713.2,989,615,272,194,7,yes,5522,1,118.0,0.1046,1.402,239.8,256.79,10023.845,dark star-like contrast group recovered in the sensor field,research/ufo-derived/video-motion-pass/pr38-startrail-review/DOD_111689051/annotated-frames/frame_0052_annotated.jpg,research/ufo-derived/video-motion-pass/pr38-startrail-review/DOD_111689051/target-patches/frame_0052_patch.jpg
DOD_111689051.mp4,DOW-UAP-PR38,53,53.0,1590,post-cut in-field star-like contrast,"DVIDS 00:35-01:43: following apparent cut, area generally remains within field of view",high,4,1088.3,759.0,967,667,259,154,3,yes,5545,2,117.0,0.139,1.682,253.8,211.0,5772.948,dark star-like contrast group recovered in the sensor field,research/ufo-derived/video-motion-pass/pr38-startrail-review/DOD_111689051/annotated-frames/frame_0053_annotated.jpg,research/ufo-derived/video-motion-pass/pr38-startrail-review/DOD_111689051/target-patches/frame_0053_patch.jpg
DOD_111689051.mp4,DOW-UAP-PR38,54,54.0,1620,post-cut in-field star-like contrast,"DVIDS 00:35-01:43: following apparent cut, area generally remains within field of view",high,5,1079.2,783.0,958,699,247,122,3,yes,5154,1,130.0,0.171,2.025,270.7,186.97,5625.96,dark star-like contrast group recovered in the sensor field,research/ufo-derived/video-motion-pass/pr38-startrail-review/DOD_111689051/annotated-frames/frame_0054_annotated.jpg,research/ufo-derived/video-motion-pass/pr38-startrail-review/DOD_111689051/target-patches/frame_0054_patch.jpg
DOD_111689051.mp4,DOW-UAP-PR38,55,55.0,1650,post-cut in-field star-like contrast,"DVIDS 00:35-01:43: following apparent cut, area generally remains within field of view",low,10,1095.8,792.8,1085,757,22,64,1,no,1013,13,108.0,0.7195,2.909,286.91,177.24,1734.913,weak or partially overlay-confounded dark contrast group,research/ufo-derived/video-motion-pass/pr38-startrail-review/DOD_111689051/annotated-frames/frame_0055_annotated.jpg,research/ufo-derived/video-motion-pass/pr38-startrail-review/DOD_111689051/target-patches/frame_0055_patch.jpg
DOD_111689051.mp4,DOW-UAP-PR38,56,56.0,1680,post-cut in-field star-like contrast,"DVIDS 00:35-01:43: following apparent cut, area generally remains within field of view",low,8,1125.7,956.1,1090,943,70,27,3,yes,908,15,63.0,0.4804,2.593,447.84,13.95,2092.606,weak or partially overlay-confounded dark contrast group,research/ufo-derived/video-motion-pass/pr38-startrail-review/DOD_111689051/annotated-frames/frame_0056_annotated.jpg,research/ufo-derived/video-motion-pass/pr38-startrail-review/DOD_111689051/target-patches/frame_0056_patch.jpg
DOD_111689051.mp4,DOW-UAP-PR38,57,57.0,1710,post-cut in-field star-like contrast,"DVIDS 00:35-01:43: following apparent cut, area generally remains within field of view",low,8,1160.4,955.2,1112,942,99,28,1,yes,1710,10,84.0,0.6169,3.536,461.0,14.85,2427.247,weak or partially overlay-confounded dark contrast group,research/ufo-derived/video-motion-pass/pr38-startrail-review/DOD_111689051/annotated-frames/frame_0057_annotated.jpg,research/ufo-derived/video-motion-pass/pr38-startrail-review/DOD_111689051/target-patches/frame_0057_patch.jpg
DOD_111689051.mp4,DOW-UAP-PR38,58,58.0,1740,post-cut in-field star-like contrast,"DVIDS 00:35-01:43: following apparent cut, area generally remains within field of view",low,6,1176.2,960.8,1119,942,105,28,3,yes,854,18,86.0,0.2905,3.75,473.1,9.17,1925.029,weak or partially overlay-confounded dark contrast group,research/ufo-derived/video-motion-pass/pr38-startrail-review/DOD_111689051/annotated-frames/frame_0058_annotated.jpg,research/ufo-derived/video-motion-pass/pr38-startrail-review/DOD_111689051/target-patches/frame_0058_patch.jpg
DOD_111689051.mp4,DOW-UAP-PR38,59,59.0,1770,post-cut in-field star-like contrast,"DVIDS 00:35-01:43: following apparent cut, area generally remains within field of view",low,8,1122.6,952.1,1015,942,222,28,2,yes,2673,2,115.0,0.43,7.929,442.97,17.94,3389.722,weak or partially overlay-confounded dark contrast group,research/ufo-derived/video-motion-pass/pr38-startrail-review/DOD_111689051/annotated-frames/frame_0059_annotated.jpg,research/ufo-derived/video-motion-pass/pr38-startrail-review/DOD_111689051/target-patches/frame_0059_patch.jpg
DOD_111689051.mp4,DOW-UAP-PR38,60,60.0,1800,post-cut in-field star-like contrast,"DVIDS 00:35-01:43: following apparent cut, area generally remains within field of view",high,6,1017.7,796.9,981,750,70,71,3,yes,1414,0,98.0,0.2845,1.014,263.32,173.09,3169.235,dark star-like contrast group recovered in the sensor field,research/ufo-derived/video-motion-pass/pr38-startrail-review/DOD_111689051/annotated-frames/frame_0060_annotated.jpg,research/ufo-derived/video-motion-pass/pr38-startrail-review/DOD_111689051/target-patches/frame_0060_patch.jpg
DOD_111689051.mp4,DOW-UAP-PR38,61,61.0,1830,post-cut in-field star-like contrast,"DVIDS 00:35-01:43: following apparent cut, area generally remains within field of view",high,6,948.5,688.5,852,617,194,169,4,yes,5309,1,91.0,0.1619,1.148,148.94,281.51,6328.143,dark star-like contrast group recovered in the sensor field,research/ufo-derived/video-motion-pass/pr38-startrail-review/DOD_111689051/annotated-frames/frame_0061_annotated.jpg,research/ufo-derived/video-motion-pass/pr38-startrail-review/DOD_111689051/target-patches/frame_0061_patch.jpg
DOD_111689051.mp4,DOW-UAP-PR38,62,62.0,1860,post-cut in-field star-like contrast,"DVIDS 00:35-01:43: following apparent cut, area generally remains within field of view",high,8,1100.9,581.9,1032,511,167,151,3,yes,5197,1,85.0,0.2061,1.106,147.02,388.1,5442.862,dark star-like contrast group recovered in the sensor field,research/ufo-derived/video-motion-pass/pr38-startrail-review/DOD_111689051/annotated-frames/frame_0062_annotated.jpg,research/ufo-derived/video-motion-pass/pr38-startrail-review/DOD_111689051/target-patches/frame_0062_patch.jpg
DOD_111689051.mp4,DOW-UAP-PR38,63,63.0,1890,post-cut in-field star-like contrast,"DVIDS 00:35-01:43: following apparent cut, area generally remains within field of view",high,5,1165.9,652.2,1073,579,193,152,1,yes,5416,1,109.0,0.1846,1.27,234.51,317.77,4051.565,dark star-like contrast group recovered in the sensor field,research/ufo-derived/video-motion-pass/pr38-startrail-review/DOD_111689051/annotated-frames/frame_0063_annotated.jpg,research/ufo-derived/video-motion-pass/pr38-startrail-review/DOD_111689051/target-patches/frame_0063_patch.jpg
DOD_111689051.mp4,DOW-UAP-PR38,64,64.0,1920,post-cut in-field star-like contrast,"DVIDS 00:35-01:43: following apparent cut, area generally remains within field of view",high,6,1009.2,704.4,922,634,189,159,3,yes,5331,1,99.0,0.1774,1.189,171.62,265.58,5391.72,dark star-like contrast group recovered in the sensor field,research/ufo-derived/video-motion-pass/pr38-startrail-review/DOD_111689051/annotated-frames/frame_0064_annotated.jpg,research/ufo-derived/video-motion-pass/pr38-startrail-review/DOD_111689051/target-patches/frame_0064_patch.jpg
DOD_111689051.mp4,DOW-UAP-PR38,65,65.0,1950,post-cut in-field star-like contrast,"DVIDS 00:35-01:43: following apparent cut, area generally remains within field of view",high,7,926.3,638.3,832,608,196,98,2,yes,3572,1,83.0,0.186,2.0,103.94,331.69,4890.838,dark star-like contrast group recovered in the sensor field,research/ufo-derived/video-motion-pass/pr38-startrail-review/DOD_111689051/annotated-frames/frame_0065_annotated.jpg,research/ufo-derived/video-motion-pass/pr38-startrail-review/DOD_111689051/target-patches/frame_0065_patch.jpg
DOD_111689051.mp4,DOW-UAP-PR38,66,66.0,1980,post-cut in-field star-like contrast,"DVIDS 00:35-01:43: following apparent cut, area generally remains within field of view",high,6,1090.9,524.3,1032,438,145,165,3,yes,4415,3,65.0,0.1845,1.138,131.79,424.33,5019.627,dark star-like contrast group recovered in the sensor field,research/ufo-derived/video-motion-pass/pr38-startrail-review/DOD_111689051/annotated-frames/frame_0066_annotated.jpg,research/ufo-derived/video-motion-pass/pr38-startrail-review/DOD_111689051/target-patches/frame_0066_patch.jpg
DOD_111689051.mp4,DOW-UAP-PR38,67,67.0,2010,post-cut in-field star-like contrast,"DVIDS 00:35-01:43: following apparent cut, area generally remains within field of view",high,6,1209.7,572.1,1121,506,189,129,2,yes,5130,2,77.0,0.2104,1.465,251.73,397.85,4378.461,dark star-like contrast group recovered in the sensor field,research/ufo-derived/video-motion-pass/pr38-startrail-review/DOD_111689051/annotated-frames/frame_0067_annotated.jpg,research/ufo-derived/video-motion-pass/pr38-startrail-review/DOD_111689051/target-patches/frame_0067_patch.jpg
DOD_111689051.mp4,DOW-UAP-PR38,68,68.0,2040,post-cut in-field star-like contrast,"DVIDS 00:35-01:43: following apparent cut, area generally remains within field of view",high,6,1244.2,653.1,1153,573,187,147,1,yes,5346,0,97.0,0.1945,1.272,305.84,316.9,3948.225,dark star-like contrast group recovered in the sensor field,research/ufo-derived/video-motion-pass/pr38-startrail-review/DOD_111689051/annotated-frames/frame_0068_annotated.jpg,research/ufo-derived/video-motion-pass/pr38-startrail-review/DOD_111689051/target-patches/frame_0068_patch.jpg
DOD_111689051.mp4,DOW-UAP-PR38,69,69.0,2070,post-cut in-field star-like contrast,"DVIDS 00:35-01:43: following apparent cut, area generally remains within field of view",high,7,1271.1,684.3,1178,611,181,143,1,yes,5237,0,102.0,0.2023,1.266,342.92,285.72,3966.912,dark star-like contrast group recovered in the sensor field,research/ufo-derived/video-motion-pass/pr38-startrail-review/DOD_111689051/annotated-frames/frame_0069_annotated.jpg,research/ufo-derived/video-motion-pass/pr38-startrail-review/DOD_111689051/target-patches/frame_0069_patch.jpg
DOD_111689051.mp4,DOW-UAP-PR38,70,70.0,2100,post-cut in-field star-like contrast,"DVIDS 00:35-01:43: following apparent cut, area generally remains within field of view",high,6,1304.1,667.5,1191,597,204,136,1,yes,5282,1,106.0,0.1904,1.5,366.95,302.47,4007.792,dark star-like contrast group recovered in the sensor field,research/ufo-derived/video-motion-pass/pr38-startrail-review/DOD_111689051/annotated-frames/frame_0070_annotated.jpg,research/ufo-derived/video-motion-pass/pr38-startrail-review/DOD_111689051/target-patches/frame_0070_patch.jpg
DOD_111689051.mp4,DOW-UAP-PR38,71,71.0,2130,post-cut in-field star-like contrast,"DVIDS 00:35-01:43: following apparent cut, area generally remains within field of view",high,7,1315.5,645.2,1235,582,165,127,1,yes,5293,0,95.0,0.2526,1.299,370.75,324.82,3865.877,dark star-like contrast group recovered in the sensor field,research/ufo-derived/video-motion-pass/pr38-startrail-review/DOD_111689051/annotated-frames/frame_0071_annotated.jpg,research/ufo-derived/video-motion-pass/pr38-startrail-review/DOD_111689051/target-patches/frame_0071_patch.jpg
DOD_111689051.mp4,DOW-UAP-PR38,72,72.0,2160,post-cut in-field star-like contrast,"DVIDS 00:35-01:43: following apparent cut, area generally remains within field of view",high,6,1314.1,594.0,1226,536,176,105,1,yes,5093,2,92.0,0.2756,1.676,358.19,376.0,3814.454,dark star-like contrast group recovered in the sensor field,research/ufo-derived/video-motion-pass/pr38-startrail-review/DOD_111689051/annotated-frames/frame_0072_annotated.jpg,research/ufo-derived/video-motion-pass/pr38-startrail-review/DOD_111689051/target-patches/frame_0072_patch.jpg
DOD_111689051.mp4,DOW-UAP-PR38,73,73.0,2190,post-cut in-field star-like contrast,"DVIDS 00:35-01:43: following apparent cut, area generally remains within field of view",high,6,1317.3,580.0,1221,519,190,116,2,yes,4856,8,101.0,0.2203,1.638,359.55,389.98,4079.152,dark star-like contrast group recovered in the sensor field,research/ufo-derived/video-motion-pass/pr38-startrail-review/DOD_111689051/annotated-frames/frame_0073_annotated.jpg,research/ufo-derived/video-motion-pass/pr38-startrail-review/DOD_111689051/target-patches/frame_0073_patch.jpg
DOD_111689051.mp4,DOW-UAP-PR38,74,74.0,2220,post-cut in-field star-like contrast,"DVIDS 00:35-01:43: following apparent cut, area generally remains within field of view",high,6,1313.0,574.2,1226,509,167,116,1,yes,5070,3,92.0,0.2617,1.44,354.62,395.78,3825.761,dark star-like contrast group recovered in the sensor field,research/ufo-derived/video-motion-pass/pr38-startrail-review/DOD_111689051/annotated-frames/frame_0074_annotated.jpg,research/ufo-derived/video-motion-pass/pr38-startrail-review/DOD_111689051/target-patches/frame_0074_patch.jpg
DOD_111689051.mp4,DOW-UAP-PR38,75,75.0,2250,post-cut in-field star-like contrast,"DVIDS 00:35-01:43: following apparent cut, area generally remains within field of view",high,7,1282.7,567.6,1194,503,179,131,2,yes,4947,1,91.0,0.211,1.366,323.91,402.42,4541.614,dark star-like contrast group recovered in the sensor field,research/ufo-derived/video-motion-pass/pr38-startrail-review/DOD_111689051/annotated-frames/frame_0075_annotated.jpg,research/ufo-derived/video-motion-pass/pr38-startrail-review/DOD_111689051/target-patches/frame_0075_patch.jpg
DOD_111689051.mp4,DOW-UAP-PR38,76,76.0,2280,post-cut in-field star-like contrast,"DVIDS 00:35-01:43: following apparent cut, area generally remains within field of view",high,7,1245.6,570.3,1163,494,170,142,1,yes,4805,2,88.0,0.199,1.197,287.2,399.7,3855.384,dark star-like contrast group recovered in the sensor field,research/ufo-derived/video-motion-pass/pr38-startrail-review/DOD_111689051/annotated-frames/frame_0076_annotated.jpg,research/ufo-derived/video-motion-pass/pr38-startrail-review/DOD_111689051/target-patches/frame_0076_patch.jpg
DOD_111689051.mp4,DOW-UAP-PR38,77,77.0,2310,post-cut in-field star-like contrast,"DVIDS 00:35-01:43: following apparent cut, area generally remains within field of view",high,6,1205.4,581.7,1119,524,180,130,1,yes,4938,1,90.0,0.211,1.385,248.92,388.29,3858.533,dark star-like contrast group recovered in the sensor field,research/ufo-derived/video-motion-pass/pr38-startrail-review/DOD_111689051/annotated-frames/frame_0077_annotated.jpg,research/ufo-derived/video-motion-pass/pr38-startrail-review/DOD_111689051/target-patches/frame_0077_patch.jpg
DOD_111689051.mp4,DOW-UAP-PR38,78,78.0,2340,post-cut in-field star-like contrast,"DVIDS 00:35-01:43: following apparent cut, area generally remains within field of view",high,7,1158.6,595.6,1064,539,192,124,2,yes,5034,3,92.0,0.2114,1.548,206.27,374.35,4491.466,dark star-like contrast group recovered in the sensor field,research/ufo-derived/video-motion-pass/pr38-startrail-review/DOD_111689051/annotated-frames/frame_0078_annotated.jpg,research/ufo-derived/video-motion-pass/pr38-startrail-review/DOD_111689051/target-patches/frame_0078_patch.jpg
DOD_111689051.mp4,DOW-UAP-PR38,79,79.0,2370,post-cut in-field star-like contrast,"DVIDS 00:35-01:43: following apparent cut, area generally remains within field of view",high,8,1119.4,582.2,1042,527,151,115,1,yes,4344,1,88.0,0.2502,1.313,164.87,387.81,3782.254,dark star-like contrast group recovered in the sensor field,research/ufo-derived/video-motion-pass/pr38-startrail-review/DOD_111689051/annotated-frames/frame_0079_annotated.jpg,research/ufo-derived/video-motion-pass/pr38-startrail-review/DOD_111689051/target-patches/frame_0079_patch.jpg
DOD_111689051.mp4,DOW-UAP-PR38,80,80.0,2400,post-cut in-field star-like contrast,"DVIDS 00:35-01:43: following apparent cut, area generally remains within field of view",high,8,1087.8,575.4,1032,517,133,117,2,yes,4058,1,72.0,0.2608,1.137,132.65,394.58,4242.723,dark star-like contrast group recovered in the sensor field,research/ufo-derived/video-motion-pass/pr38-startrail-review/DOD_111689051/annotated-frames/frame_0080_annotated.jpg,research/ufo-derived/video-motion-pass/pr38-startrail-review/DOD_111689051/target-patches/frame_0080_patch.jpg
DOD_111689051.mp4,DOW-UAP-PR38,81,81.0,2430,post-cut in-field star-like contrast,"DVIDS 00:35-01:43: following apparent cut, area generally remains within field of view",high,5,1071.6,552.3,1032,488,128,127,1,yes,3593,8,77.0,0.221,1.008,112.23,417.74,3703.233,dark star-like contrast group recovered in the sensor field,research/ufo-derived/video-motion-pass/pr38-startrail-review/DOD_111689051/annotated-frames/frame_0081_annotated.jpg,research/ufo-derived/video-motion-pass/pr38-startrail-review/DOD_111689051/target-patches/frame_0081_patch.jpg
DOD_111689051.mp4,DOW-UAP-PR38,82,82.0,2460,post-cut in-field star-like contrast,"DVIDS 00:35-01:43: following apparent cut, area generally remains within field of view",high,7,1076.6,557.4,1032,492,123,133,2,yes,3850,2,85.0,0.2353,1.081,117.86,412.58,4372.633,dark star-like contrast group recovered in the sensor field,research/ufo-derived/video-motion-pass/pr38-startrail-review/DOD_111689051/annotated-frames/frame_0082_annotated.jpg,research/ufo-derived/video-motion-pass/pr38-startrail-review/DOD_111689051/target-patches/frame_0082_patch.jpg
DOD_111689051.mp4,DOW-UAP-PR38,83,83.0,2490,post-cut in-field star-like contrast,"DVIDS 00:35-01:43: following apparent cut, area generally remains within field of view",high,8,1085.8,543.2,1032,485,129,122,3,yes,3765,4,78.0,0.2392,1.057,125.84,426.84,4789.834,dark star-like contrast group recovered in the sensor field,research/ufo-derived/video-motion-pass/pr38-startrail-review/DOD_111689051/annotated-frames/frame_0083_annotated.jpg,research/ufo-derived/video-motion-pass/pr38-startrail-review/DOD_111689051/target-patches/frame_0083_patch.jpg
DOD_111689051.mp4,DOW-UAP-PR38,84,84.0,2520,post-cut in-field star-like contrast,"DVIDS 00:35-01:43: following apparent cut, area generally remains within field of view",high,6,1059.7,540.4,1032,485,98,111,3,yes,2678,1,69.0,0.2462,1.133,99.73,429.63,4289.094,dark star-like contrast group recovered in the sensor field,research/ufo-derived/video-motion-pass/pr38-startrail-review/DOD_111689051/annotated-frames/frame_0084_annotated.jpg,research/ufo-derived/video-motion-pass/pr38-startrail-review/DOD_111689051/target-patches/frame_0084_patch.jpg
DOD_111689051.mp4,DOW-UAP-PR38,85,85.0,2550,post-cut in-field star-like contrast,"DVIDS 00:35-01:43: following apparent cut, area generally remains within field of view",high,8,396.1,940.6,369,930,37,36,1,yes,226,2,118.0,0.1697,1.028,691.74,29.38,1413.232,dark star-like contrast group recovered in the sensor field,research/ufo-derived/video-motion-pass/pr38-startrail-review/DOD_111689051/annotated-frames/frame_0085_annotated.jpg,research/ufo-derived/video-motion-pass/pr38-startrail-review/DOD_111689051/target-patches/frame_0085_patch.jpg
DOD_111689051.mp4,DOW-UAP-PR38,86,86.0,2580,post-cut in-field star-like contrast,"DVIDS 00:35-01:43: following apparent cut, area generally remains within field of view",high,7,395.7,940.3,369,930,37,36,1,yes,229,2,115.0,0.1719,1.028,691.82,29.72,1396.008,dark star-like contrast group recovered in the sensor field,research/ufo-derived/video-motion-pass/pr38-startrail-review/DOD_111689051/annotated-frames/frame_0086_annotated.jpg,research/ufo-derived/video-motion-pass/pr38-startrail-review/DOD_111689051/target-patches/frame_0086_patch.jpg
DOD_111689051.mp4,DOW-UAP-PR38,87,87.0,2610,post-cut in-field star-like contrast,"DVIDS 00:35-01:43: following apparent cut, area generally remains within field of view",high,9,395.9,940.5,369,930,37,36,1,yes,232,2,117.0,0.1742,1.028,691.87,29.45,1411.334,dark star-like contrast group recovered in the sensor field,research/ufo-derived/video-motion-pass/pr38-startrail-review/DOD_111689051/annotated-frames/frame_0087_annotated.jpg,research/ufo-derived/video-motion-pass/pr38-startrail-review/DOD_111689051/target-patches/frame_0087_patch.jpg
DOD_111689051.mp4,DOW-UAP-PR38,88,88.0,2640,post-cut in-field star-like contrast,"DVIDS 00:35-01:43: following apparent cut, area generally remains within field of view",high,8,950.3,632.8,882,617,147,54,1,yes,2371,2,84.0,0.2987,2.722,93.34,337.17,3363.92,dark star-like contrast group recovered in the sensor field,research/ufo-derived/video-motion-pass/pr38-startrail-review/DOD_111689051/annotated-frames/frame_0088_annotated.jpg,research/ufo-derived/video-motion-pass/pr38-startrail-review/DOD_111689051/target-patches/frame_0088_patch.jpg
DOD_111689051.mp4,DOW-UAP-PR38,89,89.0,2670,post-cut in-field star-like contrast,"DVIDS 00:35-01:43: following apparent cut, area generally remains within field of view",high,6,395.9,940.4,369,930,37,36,1,yes,233,2,116.0,0.1749,1.028,691.74,29.64,1405.869,dark star-like contrast group recovered in the sensor field,research/ufo-derived/video-motion-pass/pr38-startrail-review/DOD_111689051/annotated-frames/frame_0089_annotated.jpg,research/ufo-derived/video-motion-pass/pr38-startrail-review/DOD_111689051/target-patches/frame_0089_patch.jpg
DOD_111689051.mp4,DOW-UAP-PR38,90,90.0,2700,post-cut in-field star-like contrast,"DVIDS 00:35-01:43: following apparent cut, area generally remains within field of view",high,7,1119.2,574.5,1071,526,114,91,1,yes,3515,6,87.0,0.3388,1.253,162.9,395.52,3617.873,dark star-like contrast group recovered in the sensor field,research/ufo-derived/video-motion-pass/pr38-startrail-review/DOD_111689051/annotated-frames/frame_0090_annotated.jpg,research/ufo-derived/video-motion-pass/pr38-startrail-review/DOD_111689051/target-patches/frame_0090_patch.jpg
DOD_111689051.mp4,DOW-UAP-PR38,91,91.0,2730,post-cut in-field star-like contrast,"DVIDS 00:35-01:43: following apparent cut, area generally remains within field of view",high,8,1292.7,616.6,1238,555,121,113,1,yes,4240,9,111.0,0.3101,1.071,341.39,353.43,3897.958,dark star-like contrast group recovered in the sensor field,research/ufo-derived/video-motion-pass/pr38-startrail-review/DOD_111689051/annotated-frames/frame_0091_annotated.jpg,research/ufo-derived/video-motion-pass/pr38-startrail-review/DOD_111689051/target-patches/frame_0091_patch.jpg
DOD_111689051.mp4,DOW-UAP-PR38,92,92.0,2760,post-cut in-field star-like contrast,"DVIDS 00:35-01:43: following apparent cut, area generally remains within field of view",high,7,1333.8,630.2,1268,579,135,101,2,yes,4333,5,97.0,0.3178,1.337,384.51,339.76,3958.804,dark star-like contrast group recovered in the sensor field,research/ufo-derived/video-motion-pass/pr38-startrail-review/DOD_111689051/annotated-frames/frame_0092_annotated.jpg,research/ufo-derived/video-motion-pass/pr38-startrail-review/DOD_111689051/target-patches/frame_0092_patch.jpg
DOD_111689051.mp4,DOW-UAP-PR38,93,93.0,2790,post-cut in-field star-like contrast,"DVIDS 00:35-01:43: following apparent cut, area generally remains within field of view",high,8,1336.3,599.3,1272,556,130,87,1,yes,4142,10,109.0,0.3662,1.494,380.99,370.68,3813.97,dark star-like contrast group recovered in the sensor field,research/ufo-derived/video-motion-pass/pr38-startrail-review/DOD_111689051/annotated-frames/frame_0093_annotated.jpg,research/ufo-derived/video-motion-pass/pr38-startrail-review/DOD_111689051/target-patches/frame_0093_patch.jpg
DOD_111689051.mp4,DOW-UAP-PR38,94,94.0,2820,post-cut in-field star-like contrast,"DVIDS 00:35-01:43: following apparent cut, area generally remains within field of view",high,8,1314.1,597.4,1253,552,131,95,1,yes,3982,1,100.0,0.32,1.379,358.75,372.58,3796.438,dark star-like contrast group recovered in the sensor field,research/ufo-derived/video-motion-pass/pr38-startrail-review/DOD_111689051/annotated-frames/frame_0094_annotated.jpg,research/ufo-derived/video-motion-pass/pr38-startrail-review/DOD_111689051/target-patches/frame_0094_patch.jpg
DOD_111689051.mp4,DOW-UAP-PR38,95,95.0,2850,post-cut in-field star-like contrast,"DVIDS 00:35-01:43: following apparent cut, area generally remains within field of view",high,6,1256.1,593.3,1194,550,123,96,1,yes,3980,2,92.0,0.3371,1.281,300.9,376.68,3726.893,dark star-like contrast group recovered in the sensor field,research/ufo-derived/video-motion-pass/pr38-startrail-review/DOD_111689051/annotated-frames/frame_0095_annotated.jpg,research/ufo-derived/video-motion-pass/pr38-startrail-review/DOD_111689051/target-patches/frame_0095_patch.jpg
DOD_111689051.mp4,DOW-UAP-PR38,96,96.0,2880,post-cut in-field star-like contrast,"DVIDS 00:35-01:43: following apparent cut, area generally remains within field of view",high,7,1207.7,558.1,1156,513,120,95,1,yes,3559,5,88.0,0.3122,1.263,248.35,411.95,3678.55,dark star-like contrast group recovered in the sensor field,research/ufo-derived/video-motion-pass/pr38-startrail-review/DOD_111689051/annotated-frames/frame_0096_annotated.jpg,research/ufo-derived/video-motion-pass/pr38-startrail-review/DOD_111689051/target-patches/frame_0096_patch.jpg
DOD_111689051.mp4,DOW-UAP-PR38,97,97.0,2910,post-cut in-field star-like contrast,"DVIDS 00:35-01:43: following apparent cut, area generally remains within field of view",high,7,1157.8,586.0,1096,545,124,80,1,yes,3485,3,93.0,0.3513,1.55,203.11,383.99,3630.507,dark star-like contrast group recovered in the sensor field,research/ufo-derived/video-motion-pass/pr38-startrail-review/DOD_111689051/annotated-frames/frame_0097_annotated.jpg,research/ufo-derived/video-motion-pass/pr38-startrail-review/DOD_111689051/target-patches/frame_0097_patch.jpg
DOD_111689051.mp4,DOW-UAP-PR38,98,98.0,2940,post-cut in-field star-like contrast,"DVIDS 00:35-01:43: following apparent cut, area generally remains within field of view",high,6,1098.4,608.0,1043,562,128,95,1,yes,3566,9,94.0,0.2933,1.347,154.17,361.99,3756.975,dark star-like contrast group recovered in the sensor field,research/ufo-derived/video-motion-pass/pr38-startrail-review/DOD_111689051/annotated-frames/frame_0098_annotated.jpg,research/ufo-derived/video-motion-pass/pr38-startrail-review/DOD_111689051/target-patches/frame_0098_patch.jpg
DOD_111689051.mp4,DOW-UAP-PR38,99,99.0,2970,post-cut in-field star-like contrast,"DVIDS 00:35-01:43: following apparent cut, area generally remains within field of view",high,9,1047.1,602.0,998,564,118,72,2,yes,1566,5,93.0,0.1843,1.639,106.94,368.0,3194.287,dark star-like contrast group recovered in the sensor field,research/ufo-derived/video-motion-pass/pr38-startrail-review/DOD_111689051/annotated-frames/frame_0099_annotated.jpg,research/ufo-derived/video-motion-pass/pr38-startrail-review/DOD_111689051/target-patches/frame_0099_patch.jpg
DOD_111689051.mp4,DOW-UAP-PR38,100,100.0,3000,post-cut in-field star-like contrast,"DVIDS 00:35-01:43: following apparent cut, area generally remains within field of view",high,6,397.5,941.2,371,930,35,36,1,yes,213,3,105.0,0.169,1.029,690.88,28.83,1303.579,dark star-like contrast group recovered in the sensor field,research/ufo-derived/video-motion-pass/pr38-startrail-review/DOD_111689051/annotated-frames/frame_0100_annotated.jpg,research/ufo-derived/video-motion-pass/pr38-startrail-review/DOD_111689051/target-patches/frame_0100_patch.jpg
DOD_111689051.mp4,DOW-UAP-PR38,101,101.0,3030,post-cut in-field star-like contrast,"DVIDS 00:35-01:43: following apparent cut, area generally remains within field of view",high,10,395.9,940.4,369,930,37,36,1,yes,233,2,119.0,0.1749,1.028,691.74,29.64,1426.869,dark star-like contrast group recovered in the sensor field,research/ufo-derived/video-motion-pass/pr38-startrail-review/DOD_111689051/annotated-frames/frame_0101_annotated.jpg,research/ufo-derived/video-motion-pass/pr38-startrail-review/DOD_111689051/target-patches/frame_0101_patch.jpg
DOD_111689051.mp4,DOW-UAP-PR38,102,102.0,3060,post-cut in-field star-like contrast,"DVIDS 00:35-01:43: following apparent cut, area generally remains within field of view",low,8,916.1,606.0,877,580,69,45,2,yes,188,56,44.0,0.0605,1.533,79.24,364.01,1112.962,weak or partially overlay-confounded dark contrast group,research/ufo-derived/video-motion-pass/pr38-startrail-review/DOD_111689051/annotated-frames/frame_0102_annotated.jpg,research/ufo-derived/video-motion-pass/pr38-startrail-review/DOD_111689051/target-patches/frame_0102_patch.jpg
DOD_111689051.mp4,DOW-UAP-PR38,103,103.0,3090,post-cut in-field star-like contrast,"DVIDS 00:35-01:43: following apparent cut, area generally remains within field of view",medium,8,897.1,618.6,858,577,81,72,2,yes,1293,19,62.0,0.2217,1.125,100.65,351.38,2509.939,"usable star-like group, but contrast, size, or overlay separation is weaker",research/ufo-derived/video-motion-pass/pr38-startrail-review/DOD_111689051/annotated-frames/frame_0103_annotated.jpg,research/ufo-derived/video-motion-pass/pr38-startrail-review/DOD_111689051/target-patches/frame_0103_patch.jpg
DOD_111689051.mp4,DOW-UAP-PR38,104,104.0,3120,top-left exit,DVIDS 01:44-end: area exits frame from the top-left quarter,medium,7,805.6,457.1,757,420,103,74,4,yes,1230,10,54.0,0.1614,1.392,175.22,357.08,2729.917,top-left exit-phase group recovered; support capped near the end of frame sequence,research/ufo-derived/video-motion-pass/pr38-startrail-review/DOD_111689051/annotated-frames/frame_0104_annotated.jpg,research/ufo-derived/video-motion-pass/pr38-startrail-review/DOD_111689051/target-patches/frame_0104_patch.jpg
DOD_111689051.mp4,DOW-UAP-PR38,105,105.0,3150,top-left exit,DVIDS 01:44-end: area exits frame from the top-left quarter,medium,5,363.7,455.0,339,433,34,31,1,yes,148,19,46.0,0.1404,1.097,602.34,253.69,847.29,top-left exit-phase group recovered; support capped near the end of frame sequence,research/ufo-derived/video-motion-pass/pr38-startrail-review/DOD_111689051/annotated-frames/frame_0105_annotated.jpg,research/ufo-derived/video-motion-pass/pr38-startrail-review/DOD_111689051/target-patches/frame_0105_patch.jpg
DOD_111689051.mp4,DOW-UAP-PR38,106,106.0,3180,top-left exit,DVIDS 01:44-end: area exits frame from the top-left quarter,medium,6,364.8,451.9,339,431,34,34,1,yes,190,24,55.0,0.1644,1.0,601.68,254.8,953.99,top-left exit-phase group recovered; support capped near the end of frame sequence,research/ufo-derived/video-motion-pass/pr38-startrail-review/DOD_111689051/annotated-frames/frame_0106_annotated.jpg,research/ufo-derived/video-motion-pass/pr38-startrail-review/DOD_111689051/target-patches/frame_0106_patch.jpg

