video,fivefps_frame_index,approx_second,source_frame_index,object_x,object_y,dx_from_reticle_center,dy_from_reticle_center,predicted_x_from_manual_seed,predicted_y_from_manual_seed,refinement_delta_px,object_bbox_w,object_bbox_h,object_component_area,object_max_luma,object_mean_luma,nearest_colored_overlay_px,track_symbology_relation,vertical_feature_flag,vertical_component_w,vertical_component_h,review_confidence,nearest_seed_confidence,nearest_seed_relation,manual_seed_match,manual_control_delta_px,marking_basis,raw_crop_path,annotated_crop_path,zoom_patch_path
DOD_111688964.mp4,6,1.0,30,77.2,94.6,-402.8,-175.4,110.0,95.0,32.76,20,19,251,229,206.73,362.93,separate from colored track symbology,possible,22,22,medium,high,reticle box centered away from object,yes,32.76,manual-seed interpolation plus local bright-feature refinement,research/ufo-derived/video-motion-pass/dense-marking/DOD_111688964/raw-crops/frame_0006.jpg,research/ufo-derived/video-motion-pass/dense-marking/DOD_111688964/annotated-crops/frame_0006_annotated.jpg,research/ufo-derived/video-motion-pass/dense-marking/DOD_111688964/object-zoom-patches/frame_0006_patch.jpg
DOD_111688964.mp4,7,1.2,36,145.3,97.5,-334.7,-172.5,182.0,99.0,36.71,21,18,248,231,207.23,298.14,separate from colored track symbology,possible,23,20,medium,high,reticle box centered away from object,,,manual-seed interpolation plus local bright-feature refinement,research/ufo-derived/video-motion-pass/dense-marking/DOD_111688964/raw-crops/frame_0007.jpg,research/ufo-derived/video-motion-pass/dense-marking/DOD_111688964/annotated-crops/frame_0007_annotated.jpg,research/ufo-derived/video-motion-pass/dense-marking/DOD_111688964/object-zoom-patches/frame_0007_patch.jpg
DOD_111688964.mp4,8,1.4,42,216.7,100.1,-263.3,-169.9,254.0,103.0,37.39,19,20,248,223,203.92,232.42,separate from colored track symbology,possible,21,24,medium,high,reticle box centered away from object,,,manual-seed interpolation plus local bright-feature refinement,research/ufo-derived/video-motion-pass/dense-marking/DOD_111688964/raw-crops/frame_0008.jpg,research/ufo-derived/video-motion-pass/dense-marking/DOD_111688964/annotated-crops/frame_0008_annotated.jpg,research/ufo-derived/video-motion-pass/dense-marking/DOD_111688964/object-zoom-patches/frame_0008_patch.jpg
DOD_111688964.mp4,9,1.6,48,287.5,101.4,-192.5,-168.6,326.0,107.0,38.87,21,19,250,225,203.99,172.68,separate from colored track symbology,possible,23,24,medium,high,reticle box below object,,,manual-seed interpolation plus local bright-feature refinement,research/ufo-derived/video-motion-pass/dense-marking/DOD_111688964/raw-crops/frame_0009.jpg,research/ufo-derived/video-motion-pass/dense-marking/DOD_111688964/annotated-crops/frame_0009_annotated.jpg,research/ufo-derived/video-motion-pass/dense-marking/DOD_111688964/object-zoom-patches/frame_0009_patch.jpg
DOD_111688964.mp4,10,1.8,54,397.6,109.8,-82.4,-160.2,398.0,111.0,1.28,19,20,235,223,201.45,102.93,separate from colored track symbology,possible,21,24,high,high,reticle box below object,,,manual-seed interpolation plus local bright-feature refinement,research/ufo-derived/video-motion-pass/dense-marking/DOD_111688964/raw-crops/frame_0010.jpg,research/ufo-derived/video-motion-pass/dense-marking/DOD_111688964/annotated-crops/frame_0010_annotated.jpg,research/ufo-derived/video-motion-pass/dense-marking/DOD_111688964/object-zoom-patches/frame_0010_patch.jpg
DOD_111688964.mp4,11,2.0,60,472.0,113.7,-8.0,-156.3,470.0,115.0,2.38,21,19,253,223,201.27,95.32,separate from colored track symbology,possible,22,23,high,high,reticle box below object,yes,2.38,manual-seed interpolation plus local bright-feature refinement,research/ufo-derived/video-motion-pass/dense-marking/DOD_111688964/raw-crops/frame_0011.jpg,research/ufo-derived/video-motion-pass/dense-marking/DOD_111688964/annotated-crops/frame_0011_annotated.jpg,research/ufo-derived/video-motion-pass/dense-marking/DOD_111688964/object-zoom-patches/frame_0011_patch.jpg
DOD_111688964.mp4,12,2.2,66,544.1,118.5,64.1,-151.5,536.0,112.0,10.41,20,19,240,213,198.77,8.52,inside colored track box,possible,21,19,high,high,reticle box below object,,,manual-seed interpolation plus local bright-feature refinement,research/ufo-derived/video-motion-pass/dense-marking/DOD_111688964/raw-crops/frame_0012.jpg,research/ufo-derived/video-motion-pass/dense-marking/DOD_111688964/annotated-crops/frame_0012_annotated.jpg,research/ufo-derived/video-motion-pass/dense-marking/DOD_111688964/object-zoom-patches/frame_0012_patch.jpg
DOD_111688964.mp4,13,2.4,72,617.8,123.0,137.8,-147.0,602.0,109.0,21.12,21,20,223,227,203.87,142.41,separate from colored track symbology,possible,22,21,high,high,reticle box below object,,,manual-seed interpolation plus local bright-feature refinement,research/ufo-derived/video-motion-pass/dense-marking/DOD_111688964/raw-crops/frame_0013.jpg,research/ufo-derived/video-motion-pass/dense-marking/DOD_111688964/annotated-crops/frame_0013_annotated.jpg,research/ufo-derived/video-motion-pass/dense-marking/DOD_111688964/object-zoom-patches/frame_0013_patch.jpg
DOD_111688964.mp4,14,2.6,78,689.9,126.2,209.9,-143.8,668.0,106.0,29.83,21,21,256,217,203.13,189.73,separate from colored track symbology,possible,22,23,medium,high,"track box contracted near reticle, object outside upper-right",,,manual-seed interpolation plus local bright-feature refinement,research/ufo-derived/video-motion-pass/dense-marking/DOD_111688964/raw-crops/frame_0014.jpg,research/ufo-derived/video-motion-pass/dense-marking/DOD_111688964/annotated-crops/frame_0014_annotated.jpg,research/ufo-derived/video-motion-pass/dense-marking/DOD_111688964/object-zoom-patches/frame_0014_patch.jpg
DOD_111688964.mp4,15,2.8,84,759.6,125.9,279.6,-144.1,734.0,103.0,34.38,20,19,243,222,202.83,247.59,separate from colored track symbology,possible,21,21,medium,high,"track box contracted near reticle, object outside upper-right",,,manual-seed interpolation plus local bright-feature refinement,research/ufo-derived/video-motion-pass/dense-marking/DOD_111688964/raw-crops/frame_0015.jpg,research/ufo-derived/video-motion-pass/dense-marking/DOD_111688964/annotated-crops/frame_0015_annotated.jpg,research/ufo-derived/video-motion-pass/dense-marking/DOD_111688964/object-zoom-patches/frame_0015_patch.jpg
DOD_111688964.mp4,16,3.0,90,797.8,127.5,317.8,-142.5,800.0,100.0,27.61,20,22,254,227,206.74,281.43,separate from colored track symbology,yes,20,25,medium,high,"track box contracted near reticle, object outside upper-right",yes,27.61,manual-seed interpolation plus local bright-feature refinement,research/ufo-derived/video-motion-pass/dense-marking/DOD_111688964/raw-crops/frame_0016.jpg,research/ufo-derived/video-motion-pass/dense-marking/DOD_111688964/annotated-crops/frame_0016_annotated.jpg,research/ufo-derived/video-motion-pass/dense-marking/DOD_111688964/object-zoom-patches/frame_0016_patch.jpg
DOD_111688964.mp4,17,3.2,96,801.1,133.1,321.1,-136.9,784.0,115.0,24.89,20,21,242,224,208.33,281.87,separate from colored track symbology,possible,21,22,high,high,"track box contracted near reticle, object outside upper-right",,,manual-seed interpolation plus local bright-feature refinement,research/ufo-derived/video-motion-pass/dense-marking/DOD_111688964/raw-crops/frame_0017.jpg,research/ufo-derived/video-motion-pass/dense-marking/DOD_111688964/annotated-crops/frame_0017_annotated.jpg,research/ufo-derived/video-motion-pass/dense-marking/DOD_111688964/object-zoom-patches/frame_0017_patch.jpg
DOD_111688964.mp4,18,3.4,102,791.7,136.7,311.7,-133.3,768.0,130.0,24.64,20,20,244,227,206.5,271.15,separate from colored track symbology,possible,20,23,high,high,"track box contracted near reticle, object outside upper-right",,,manual-seed interpolation plus local bright-feature refinement,research/ufo-derived/video-motion-pass/dense-marking/DOD_111688964/raw-crops/frame_0018.jpg,research/ufo-derived/video-motion-pass/dense-marking/DOD_111688964/annotated-crops/frame_0018_annotated.jpg,research/ufo-derived/video-motion-pass/dense-marking/DOD_111688964/object-zoom-patches/frame_0018_patch.jpg
DOD_111688964.mp4,19,3.6,108,769.1,144.9,289.1,-125.1,752.0,145.0,17.1,19,20,227,231,205.77,247.19,separate from colored track symbology,possible,20,22,high,high,"track box near reticle, object right/upper-right",,,manual-seed interpolation plus local bright-feature refinement,research/ufo-derived/video-motion-pass/dense-marking/DOD_111688964/raw-crops/frame_0019.jpg,research/ufo-derived/video-motion-pass/dense-marking/DOD_111688964/annotated-crops/frame_0019_annotated.jpg,research/ufo-derived/video-motion-pass/dense-marking/DOD_111688964/object-zoom-patches/frame_0019_patch.jpg
DOD_111688964.mp4,20,3.8,114,748.5,152.5,268.5,-117.5,736.0,160.0,14.55,18,22,232,228,208.5,225.25,separate from colored track symbology,possible,19,23,high,high,"track box near reticle, object right/upper-right",,,manual-seed interpolation plus local bright-feature refinement,research/ufo-derived/video-motion-pass/dense-marking/DOD_111688964/raw-crops/frame_0020.jpg,research/ufo-derived/video-motion-pass/dense-marking/DOD_111688964/annotated-crops/frame_0020_annotated.jpg,research/ufo-derived/video-motion-pass/dense-marking/DOD_111688964/object-zoom-patches/frame_0020_patch.jpg
DOD_111688964.mp4,21,4.0,120,727.0,160.6,247.0,-109.4,720.0,175.0,16.04,18,21,224,229,206.92,202.41,separate from colored track symbology,possible,19,22,high,high,"track box near reticle, object right/upper-right",yes,16.04,manual-seed interpolation plus local bright-feature refinement,research/ufo-derived/video-motion-pass/dense-marking/DOD_111688964/raw-crops/frame_0021.jpg,research/ufo-derived/video-motion-pass/dense-marking/DOD_111688964/annotated-crops/frame_0021_annotated.jpg,research/ufo-derived/video-motion-pass/dense-marking/DOD_111688964/object-zoom-patches/frame_0021_patch.jpg
DOD_111688964.mp4,22,4.2,126,706.0,167.2,226.0,-102.8,698.0,187.0,21.36,22,15,171,220,198.8,1.83,intersects colored track symbology,possible,25,17,high,high,"track box near reticle, object right/upper-right",,,manual-seed interpolation plus local bright-feature refinement,research/ufo-derived/video-motion-pass/dense-marking/DOD_111688964/raw-crops/frame_0022.jpg,research/ufo-derived/video-motion-pass/dense-marking/DOD_111688964/annotated-crops/frame_0022_annotated.jpg,research/ufo-derived/video-motion-pass/dense-marking/DOD_111688964/object-zoom-patches/frame_0022_patch.jpg
DOD_111688964.mp4,23,4.4,132,686.1,181.1,206.1,-88.9,676.0,199.0,20.52,15,16,160,223,197.89,6.56,inside colored track box,possible,15,16,high,high,"track box near reticle, object right/upper-right",,,manual-seed interpolation plus local bright-feature refinement,research/ufo-derived/video-motion-pass/dense-marking/DOD_111688964/raw-crops/frame_0023.jpg,research/ufo-derived/video-motion-pass/dense-marking/DOD_111688964/annotated-crops/frame_0023_annotated.jpg,research/ufo-derived/video-motion-pass/dense-marking/DOD_111688964/object-zoom-patches/frame_0023_patch.jpg
DOD_111688964.mp4,24,4.6,138,662.4,191.9,182.4,-78.1,654.0,211.0,20.9,11,21,137,222,201.31,3.08,intersects colored track symbology,yes,11,23,high,high,track box left of object,,,manual-seed interpolation plus local bright-feature refinement,research/ufo-derived/video-motion-pass/dense-marking/DOD_111688964/raw-crops/frame_0024.jpg,research/ufo-derived/video-motion-pass/dense-marking/DOD_111688964/annotated-crops/frame_0024_annotated.jpg,research/ufo-derived/video-motion-pass/dense-marking/DOD_111688964/object-zoom-patches/frame_0024_patch.jpg
DOD_111688964.mp4,25,4.8,144,632.1,211.5,152.1,-58.5,632.0,223.0,11.49,19,19,157,223,200.73,3.51,intersects colored track symbology,yes,20,45,high,high,track box left of object,,,manual-seed interpolation plus local bright-feature refinement,research/ufo-derived/video-motion-pass/dense-marking/DOD_111688964/raw-crops/frame_0025.jpg,research/ufo-derived/video-motion-pass/dense-marking/DOD_111688964/annotated-crops/frame_0025_annotated.jpg,research/ufo-derived/video-motion-pass/dense-marking/DOD_111688964/object-zoom-patches/frame_0025_patch.jpg
DOD_111688964.mp4,26,5.0,150,606.5,230.7,126.5,-39.3,610.0,235.0,5.53,19,20,228,230,205.73,64.62,separate from colored track symbology,possible,20,20,high,high,track box left of object,yes,5.53,manual-seed interpolation plus local bright-feature refinement,research/ufo-derived/video-motion-pass/dense-marking/DOD_111688964/raw-crops/frame_0026.jpg,research/ufo-derived/video-motion-pass/dense-marking/DOD_111688964/annotated-crops/frame_0026_annotated.jpg,research/ufo-derived/video-motion-pass/dense-marking/DOD_111688964/object-zoom-patches/frame_0026_patch.jpg
DOD_111688964.mp4,27,5.2,156,604.6,242.1,124.6,-27.9,612.0,245.0,7.92,17,20,200,224,205.81,61.02,separate from colored track symbology,possible,18,22,high,high,track box left of object,,,manual-seed interpolation plus local bright-feature refinement,research/ufo-derived/video-motion-pass/dense-marking/DOD_111688964/raw-crops/frame_0027.jpg,research/ufo-derived/video-motion-pass/dense-marking/DOD_111688964/annotated-crops/frame_0027_annotated.jpg,research/ufo-derived/video-motion-pass/dense-marking/DOD_111688964/object-zoom-patches/frame_0027_patch.jpg
DOD_111688964.mp4,28,5.4,162,610.8,249.3,130.8,-20.7,614.0,255.0,6.55,19,21,220,228,207.85,66.79,separate from colored track symbology,possible,20,22,high,high,track box left of object,,,manual-seed interpolation plus local bright-feature refinement,research/ufo-derived/video-motion-pass/dense-marking/DOD_111688964/raw-crops/frame_0028.jpg,research/ufo-derived/video-motion-pass/dense-marking/DOD_111688964/annotated-crops/frame_0028_annotated.jpg,research/ufo-derived/video-motion-pass/dense-marking/DOD_111688964/object-zoom-patches/frame_0028_patch.jpg
DOD_111688964.mp4,29,5.6,168,617.1,259.1,137.1,-10.9,616.0,265.0,5.99,17,20,209,223,205.06,69.39,separate from colored track symbology,possible,19,21,high,high,track box left of object,,,manual-seed interpolation plus local bright-feature refinement,research/ufo-derived/video-motion-pass/dense-marking/DOD_111688964/raw-crops/frame_0029.jpg,research/ufo-derived/video-motion-pass/dense-marking/DOD_111688964/annotated-crops/frame_0029_annotated.jpg,research/ufo-derived/video-motion-pass/dense-marking/DOD_111688964/object-zoom-patches/frame_0029_patch.jpg
DOD_111688964.mp4,30,5.8,174,623.6,267.0,143.6,-3.0,618.0,275.0,9.73,17,21,204,222,205.18,73.32,separate from colored track symbology,possible,17,21,high,high,track box left of object,,,manual-seed interpolation plus local bright-feature refinement,research/ufo-derived/video-motion-pass/dense-marking/DOD_111688964/raw-crops/frame_0030.jpg,research/ufo-derived/video-motion-pass/dense-marking/DOD_111688964/annotated-crops/frame_0030_annotated.jpg,research/ufo-derived/video-motion-pass/dense-marking/DOD_111688964/object-zoom-patches/frame_0030_patch.jpg
DOD_111688964.mp4,31,6.0,180,631.2,274.1,151.2,4.1,620.0,285.0,15.67,18,20,202,221,204.93,79.72,separate from colored track symbology,possible,18,21,high,high,track box left of object,yes,15.67,manual-seed interpolation plus local bright-feature refinement,research/ufo-derived/video-motion-pass/dense-marking/DOD_111688964/raw-crops/frame_0031.jpg,research/ufo-derived/video-motion-pass/dense-marking/DOD_111688964/annotated-crops/frame_0031_annotated.jpg,research/ufo-derived/video-motion-pass/dense-marking/DOD_111688964/object-zoom-patches/frame_0031_patch.jpg
DOD_111688964.mp4,32,6.2,186,640.8,281.3,160.8,11.3,633.0,291.0,12.44,17,20,219,222,203.55,88.83,separate from colored track symbology,possible,18,21,high,high,track box left of object,,,manual-seed interpolation plus local bright-feature refinement,research/ufo-derived/video-motion-pass/dense-marking/DOD_111688964/raw-crops/frame_0032.jpg,research/ufo-derived/video-motion-pass/dense-marking/DOD_111688964/annotated-crops/frame_0032_annotated.jpg,research/ufo-derived/video-motion-pass/dense-marking/DOD_111688964/object-zoom-patches/frame_0032_patch.jpg
DOD_111688964.mp4,33,6.4,192,652.9,285.3,172.9,15.3,646.0,297.0,13.59,17,20,214,227,202.57,100.86,separate from colored track symbology,possible,17,20,high,high,track box left of object,,,manual-seed interpolation plus local bright-feature refinement,research/ufo-derived/video-motion-pass/dense-marking/DOD_111688964/raw-crops/frame_0033.jpg,research/ufo-derived/video-motion-pass/dense-marking/DOD_111688964/annotated-crops/frame_0033_annotated.jpg,research/ufo-derived/video-motion-pass/dense-marking/DOD_111688964/object-zoom-patches/frame_0033_patch.jpg
DOD_111688964.mp4,34,6.6,198,663.7,295.2,183.7,25.2,659.0,303.0,9.11,17,21,200,222,203.19,61.99,separate from colored track symbology,possible,18,21,high,high,"reticle only, object right/lower-right",,,manual-seed interpolation plus local bright-feature refinement,research/ufo-derived/video-motion-pass/dense-marking/DOD_111688964/raw-crops/frame_0034.jpg,research/ufo-derived/video-motion-pass/dense-marking/DOD_111688964/annotated-crops/frame_0034_annotated.jpg,research/ufo-derived/video-motion-pass/dense-marking/DOD_111688964/object-zoom-patches/frame_0034_patch.jpg
DOD_111688964.mp4,35,6.8,204,668.4,299.4,188.4,29.4,672.0,309.0,10.3,18,20,217,222,204.28,67.32,separate from colored track symbology,possible,18,21,high,high,"reticle only, object right/lower-right",,,manual-seed interpolation plus local bright-feature refinement,research/ufo-derived/video-motion-pass/dense-marking/DOD_111688964/raw-crops/frame_0035.jpg,research/ufo-derived/video-motion-pass/dense-marking/DOD_111688964/annotated-crops/frame_0035_annotated.jpg,research/ufo-derived/video-motion-pass/dense-marking/DOD_111688964/object-zoom-patches/frame_0035_patch.jpg
DOD_111688964.mp4,36,7.0,210,677.4,309.1,197.4,39.1,685.0,315.0,9.61,17,21,206,222,205.12,126.85,separate from colored track symbology,possible,17,21,high,high,"reticle only, object right/lower-right",yes,9.61,manual-seed interpolation plus local bright-feature refinement,research/ufo-derived/video-motion-pass/dense-marking/DOD_111688964/raw-crops/frame_0036.jpg,research/ufo-derived/video-motion-pass/dense-marking/DOD_111688964/annotated-crops/frame_0036_annotated.jpg,research/ufo-derived/video-motion-pass/dense-marking/DOD_111688964/object-zoom-patches/frame_0036_patch.jpg
DOD_111688964.mp4,37,7.2,216,688.2,319.1,208.2,49.1,696.0,329.6,13.05,17,19,218,227,204.63,89.99,separate from colored track symbology,possible,18,21,high,high,"reticle only, object right/lower-right",,,manual-seed interpolation plus local bright-feature refinement,research/ufo-derived/video-motion-pass/dense-marking/DOD_111688964/raw-crops/frame_0037.jpg,research/ufo-derived/video-motion-pass/dense-marking/DOD_111688964/annotated-crops/frame_0037_annotated.jpg,research/ufo-derived/video-motion-pass/dense-marking/DOD_111688964/object-zoom-patches/frame_0037_patch.jpg
DOD_111688964.mp4,38,7.4,222,700.3,332.3,220.3,62.3,707.0,344.2,13.7,17,20,194,225,205.54,154.2,separate from colored track symbology,possible,17,20,high,high,"reticle only, object right/lower-right",,,manual-seed interpolation plus local bright-feature refinement,research/ufo-derived/video-motion-pass/dense-marking/DOD_111688964/raw-crops/frame_0038.jpg,research/ufo-derived/video-motion-pass/dense-marking/DOD_111688964/annotated-crops/frame_0038_annotated.jpg,research/ufo-derived/video-motion-pass/dense-marking/DOD_111688964/object-zoom-patches/frame_0038_patch.jpg
DOD_111688964.mp4,39,7.6,228,711.2,347.2,231.2,77.2,718.0,358.8,13.49,17,20,229,223,204.26,109.16,separate from colored track symbology,possible,17,21,high,high,"track-box fragments near reticle, object lower-right",,,manual-seed interpolation plus local bright-feature refinement,research/ufo-derived/video-motion-pass/dense-marking/DOD_111688964/raw-crops/frame_0039.jpg,research/ufo-derived/video-motion-pass/dense-marking/DOD_111688964/annotated-crops/frame_0039_annotated.jpg,research/ufo-derived/video-motion-pass/dense-marking/DOD_111688964/object-zoom-patches/frame_0039_patch.jpg
DOD_111688964.mp4,40,7.8,234,721.9,362.3,241.9,92.3,729.0,373.4,13.17,18,19,212,222,202.94,184.64,separate from colored track symbology,possible,19,19,high,high,"track-box fragments near reticle, object lower-right",,,manual-seed interpolation plus local bright-feature refinement,research/ufo-derived/video-motion-pass/dense-marking/DOD_111688964/raw-crops/frame_0040.jpg,research/ufo-derived/video-motion-pass/dense-marking/DOD_111688964/annotated-crops/frame_0040_annotated.jpg,research/ufo-derived/video-motion-pass/dense-marking/DOD_111688964/object-zoom-patches/frame_0040_patch.jpg
DOD_111688964.mp4,41,8.0,240,733.7,379.6,253.7,109.6,740.0,388.0,10.51,18,20,237,220,203.36,202.59,separate from colored track symbology,possible,20,21,high,high,"track-box fragments near reticle, object lower-right",yes,10.51,manual-seed interpolation plus local bright-feature refinement,research/ufo-derived/video-motion-pass/dense-marking/DOD_111688964/raw-crops/frame_0041.jpg,research/ufo-derived/video-motion-pass/dense-marking/DOD_111688964/annotated-crops/frame_0041_annotated.jpg,research/ufo-derived/video-motion-pass/dense-marking/DOD_111688964/object-zoom-patches/frame_0041_patch.jpg
DOD_111688964.mp4,42,8.2,246,747.3,398.2,267.3,128.2,714.0,387.4,35.03,20,20,245,225,204.94,149.76,separate from colored track symbology,possible,20,21,medium,high,"track-box fragments near reticle, object lower-right",,,manual-seed interpolation plus local bright-feature refinement,research/ufo-derived/video-motion-pass/dense-marking/DOD_111688964/raw-crops/frame_0042.jpg,research/ufo-derived/video-motion-pass/dense-marking/DOD_111688964/annotated-crops/frame_0042_annotated.jpg,research/ufo-derived/video-motion-pass/dense-marking/DOD_111688964/object-zoom-patches/frame_0042_patch.jpg
DOD_111688964.mp4,43,8.4,252,637.5,409.1,157.5,139.1,688.0,386.8,55.16,16,7,101,187,182.85,146.62,separate from colored track symbology,possible,42,21,low,high,"track-box fragments near reticle, object lower-right",,,manual-seed interpolation plus local bright-feature refinement,research/ufo-derived/video-motion-pass/dense-marking/DOD_111688964/raw-crops/frame_0043.jpg,research/ufo-derived/video-motion-pass/dense-marking/DOD_111688964/annotated-crops/frame_0043_annotated.jpg,research/ufo-derived/video-motion-pass/dense-marking/DOD_111688964/object-zoom-patches/frame_0043_patch.jpg
DOD_111688964.mp4,44,8.6,258,620.7,344.6,140.7,74.6,662.0,386.2,58.62,33,17,239,185,183.05,87.77,separate from colored track symbology,possible,49,26,low,high,"reticle only, object below/right",,,manual-seed interpolation plus local bright-feature refinement,research/ufo-derived/video-motion-pass/dense-marking/DOD_111688964/raw-crops/frame_0044.jpg,research/ufo-derived/video-motion-pass/dense-marking/DOD_111688964/annotated-crops/frame_0044_annotated.jpg,research/ufo-derived/video-motion-pass/dense-marking/DOD_111688964/object-zoom-patches/frame_0044_patch.jpg
DOD_111688964.mp4,45,8.8,264,664.7,394.6,184.7,124.6,636.0,385.6,30.07,19,19,232,227,204.71,153.74,separate from colored track symbology,possible,20,20,medium,high,"reticle only, object below/right",,,manual-seed interpolation plus local bright-feature refinement,research/ufo-derived/video-motion-pass/dense-marking/DOD_111688964/raw-crops/frame_0045.jpg,research/ufo-derived/video-motion-pass/dense-marking/DOD_111688964/annotated-crops/frame_0045_annotated.jpg,research/ufo-derived/video-motion-pass/dense-marking/DOD_111688964/object-zoom-patches/frame_0045_patch.jpg
DOD_111688964.mp4,46,9.0,270,604.5,386.9,124.5,116.9,610.0,385.0,5.83,20,19,254,225,203.63,110.19,separate from colored track symbology,possible,21,21,high,high,"reticle only, object below/right",yes,5.83,manual-seed interpolation plus local bright-feature refinement,research/ufo-derived/video-motion-pass/dense-marking/DOD_111688964/raw-crops/frame_0046.jpg,research/ufo-derived/video-motion-pass/dense-marking/DOD_111688964/annotated-crops/frame_0046_annotated.jpg,research/ufo-derived/video-motion-pass/dense-marking/DOD_111688964/object-zoom-patches/frame_0046_patch.jpg
DOD_111688964.mp4,47,9.2,276,545.8,399.6,65.8,129.6,568.0,409.0,24.15,18,20,236,227,202.91,77.32,separate from colored track symbology,possible,19,21,high,high,"reticle only, object below/right",,,manual-seed interpolation plus local bright-feature refinement,research/ufo-derived/video-motion-pass/dense-marking/DOD_111688964/raw-crops/frame_0047.jpg,research/ufo-derived/video-motion-pass/dense-marking/DOD_111688964/annotated-crops/frame_0047_annotated.jpg,research/ufo-derived/video-motion-pass/dense-marking/DOD_111688964/object-zoom-patches/frame_0047_patch.jpg
DOD_111688964.mp4,48,9.4,282,494.1,424.6,14.1,154.6,526.0,433.0,32.98,19,20,242,217,203.35,86.61,separate from colored track symbology,possible,20,21,medium,high,"reticle only, object below/right",,,manual-seed interpolation plus local bright-feature refinement,research/ufo-derived/video-motion-pass/dense-marking/DOD_111688964/raw-crops/frame_0048.jpg,research/ufo-derived/video-motion-pass/dense-marking/DOD_111688964/annotated-crops/frame_0048_annotated.jpg,research/ufo-derived/video-motion-pass/dense-marking/DOD_111688964/object-zoom-patches/frame_0048_patch.jpg
DOD_111688964.mp4,49,9.6,288,455.6,452.7,-24.4,182.7,484.0,457.0,28.74,14,18,142,222,191.36,3.01,intersects colored track symbology,yes,14,26,medium,high,orange tracking box around object,,,manual-seed interpolation plus local bright-feature refinement,research/ufo-derived/video-motion-pass/dense-marking/DOD_111688964/raw-crops/frame_0049.jpg,research/ufo-derived/video-motion-pass/dense-marking/DOD_111688964/annotated-crops/frame_0049_annotated.jpg,research/ufo-derived/video-motion-pass/dense-marking/DOD_111688964/object-zoom-patches/frame_0049_patch.jpg
DOD_111688964.mp4,50,9.8,294,422.2,472.9,-57.8,202.9,442.0,481.0,21.33,20,19,239,224,205.24,8.97,near colored track symbology,possible,21,22,high,high,orange tracking box around object,,,manual-seed interpolation plus local bright-feature refinement,research/ufo-derived/video-motion-pass/dense-marking/DOD_111688964/raw-crops/frame_0050.jpg,research/ufo-derived/video-motion-pass/dense-marking/DOD_111688964/annotated-crops/frame_0050_annotated.jpg,research/ufo-derived/video-motion-pass/dense-marking/DOD_111688964/object-zoom-patches/frame_0050_patch.jpg
DOD_111688964.mp4,51,10.0,300,401.7,486.1,-78.3,216.1,400.0,505.0,18.99,19,18,176,228,197.7,3.34,intersects colored track symbology,possible,21,21,high,high,orange tracking box around object,yes,18.99,manual-seed interpolation plus local bright-feature refinement,research/ufo-derived/video-motion-pass/dense-marking/DOD_111688964/raw-crops/frame_0051.jpg,research/ufo-derived/video-motion-pass/dense-marking/DOD_111688964/annotated-crops/frame_0051_annotated.jpg,research/ufo-derived/video-motion-pass/dense-marking/DOD_111688964/object-zoom-patches/frame_0051_patch.jpg
DOD_111688964.mp4,52,10.2,306,362.0,498.5,-118.0,228.5,381.2,495.8,19.39,19,18,207,222,203.47,7.02,near colored track symbology,possible,20,21,high,high,orange tracking box around object,,,manual-seed interpolation plus local bright-feature refinement,research/ufo-derived/video-motion-pass/dense-marking/DOD_111688964/raw-crops/frame_0052.jpg,research/ufo-derived/video-motion-pass/dense-marking/DOD_111688964/annotated-crops/frame_0052_annotated.jpg,research/ufo-derived/video-motion-pass/dense-marking/DOD_111688964/object-zoom-patches/frame_0052_patch.jpg
DOD_111688964.mp4,53,10.4,312,307.4,500.9,-172.6,230.9,362.4,486.6,56.8,11,21,154,224,189.3,1.58,intersects colored track symbology,possible,20,21,low,high,orange tracking box around object,,,manual-seed interpolation plus local bright-feature refinement,research/ufo-derived/video-motion-pass/dense-marking/DOD_111688964/raw-crops/frame_0053.jpg,research/ufo-derived/video-motion-pass/dense-marking/DOD_111688964/annotated-crops/frame_0053_annotated.jpg,research/ufo-derived/video-motion-pass/dense-marking/DOD_111688964/object-zoom-patches/frame_0053_patch.jpg
DOD_111688964.mp4,54,10.6,318,397.2,471.8,-82.8,201.8,343.6,477.4,53.88,14,21,188,158,155.36,92.17,separate from colored track symbology,no,6,9,low,high,"reticle only, object lower-left",,,manual-seed interpolation plus local bright-feature refinement,research/ufo-derived/video-motion-pass/dense-marking/DOD_111688964/raw-crops/frame_0054.jpg,research/ufo-derived/video-motion-pass/dense-marking/DOD_111688964/annotated-crops/frame_0054_annotated.jpg,research/ufo-derived/video-motion-pass/dense-marking/DOD_111688964/object-zoom-patches/frame_0054_patch.jpg
DOD_111688964.mp4,55,10.8,324,287.3,486.2,-192.7,216.2,324.8,468.2,41.58,20,20,253,223,206.12,44.81,separate from colored track symbology,possible,23,22,medium,high,"reticle only, object lower-left",,,manual-seed interpolation plus local bright-feature refinement,research/ufo-derived/video-motion-pass/dense-marking/DOD_111688964/raw-crops/frame_0055.jpg,research/ufo-derived/video-motion-pass/dense-marking/DOD_111688964/annotated-crops/frame_0055_annotated.jpg,research/ufo-derived/video-motion-pass/dense-marking/DOD_111688964/object-zoom-patches/frame_0055_patch.jpg
DOD_111688964.mp4,56,11.0,330,299.9,470.2,-180.1,200.2,306.0,459.0,12.75,20,20,256,223,205.27,63.23,separate from colored track symbology,possible,22,22,high,high,"reticle only, object lower-left",yes,12.75,manual-seed interpolation plus local bright-feature refinement,research/ufo-derived/video-motion-pass/dense-marking/DOD_111688964/raw-crops/frame_0056.jpg,research/ufo-derived/video-motion-pass/dense-marking/DOD_111688964/annotated-crops/frame_0056_annotated.jpg,research/ufo-derived/video-motion-pass/dense-marking/DOD_111688964/object-zoom-patches/frame_0056_patch.jpg
DOD_111688964.mp4,57,11.2,336,315.7,448.4,-164.3,178.4,318.8,431.2,17.5,17,18,144,219,182.04,0.54,intersects colored track symbology,no,,,high,high,"reticle only, object lower-left",,,manual-seed interpolation plus local bright-feature refinement,research/ufo-derived/video-motion-pass/dense-marking/DOD_111688964/raw-crops/frame_0057.jpg,research/ufo-derived/video-motion-pass/dense-marking/DOD_111688964/annotated-crops/frame_0057_annotated.jpg,research/ufo-derived/video-motion-pass/dense-marking/DOD_111688964/object-zoom-patches/frame_0057_patch.jpg
DOD_111688964.mp4,58,11.4,342,324.0,416.7,-156.0,146.7,331.6,403.4,15.3,22,16,167,219,194.72,0.31,intersects colored track symbology,possible,24,24,high,high,"reticle only, object lower-left",,,manual-seed interpolation plus local bright-feature refinement,research/ufo-derived/video-motion-pass/dense-marking/DOD_111688964/raw-crops/frame_0058.jpg,research/ufo-derived/video-motion-pass/dense-marking/DOD_111688964/annotated-crops/frame_0058_annotated.jpg,research/ufo-derived/video-motion-pass/dense-marking/DOD_111688964/object-zoom-patches/frame_0058_patch.jpg
DOD_111688964.mp4,59,11.6,348,331.5,371.5,-148.5,101.5,344.4,375.6,13.5,21,17,232,219,199.9,5.2,inside colored track box,possible,23,18,high,high,"reticle only, object left/lower-left",,,manual-seed interpolation plus local bright-feature refinement,research/ufo-derived/video-motion-pass/dense-marking/DOD_111688964/raw-crops/frame_0059.jpg,research/ufo-derived/video-motion-pass/dense-marking/DOD_111688964/annotated-crops/frame_0059_annotated.jpg,research/ufo-derived/video-motion-pass/dense-marking/DOD_111688964/object-zoom-patches/frame_0059_patch.jpg
DOD_111688964.mp4,60,11.8,354,337.1,343.2,-142.9,73.2,357.2,347.8,20.63,22,18,245,220,203.41,118.54,separate from colored track symbology,possible,27,23,high,high,"reticle only, object left/lower-left",,,manual-seed interpolation plus local bright-feature refinement,research/ufo-derived/video-motion-pass/dense-marking/DOD_111688964/raw-crops/frame_0060.jpg,research/ufo-derived/video-motion-pass/dense-marking/DOD_111688964/annotated-crops/frame_0060_annotated.jpg,research/ufo-derived/video-motion-pass/dense-marking/DOD_111688964/object-zoom-patches/frame_0060_patch.jpg
DOD_111688964.mp4,61,12.0,360,366.7,317.6,-113.3,47.6,370.0,320.0,4.12,21,17,232,225,203.48,81.16,separate from colored track symbology,possible,23,22,high,high,"reticle only, object left/lower-left",yes,4.12,manual-seed interpolation plus local bright-feature refinement,research/ufo-derived/video-motion-pass/dense-marking/DOD_111688964/raw-crops/frame_0061.jpg,research/ufo-derived/video-motion-pass/dense-marking/DOD_111688964/annotated-crops/frame_0061_annotated.jpg,research/ufo-derived/video-motion-pass/dense-marking/DOD_111688964/object-zoom-patches/frame_0061_patch.jpg
DOD_111688964.mp4,62,12.2,366,402.0,294.8,-78.0,24.8,393.2,311.8,19.16,20,16,224,218,204.41,41.24,separate from colored track symbology,possible,22,18,high,high,"reticle only, object left/lower-left",,,manual-seed interpolation plus local bright-feature refinement,research/ufo-derived/video-motion-pass/dense-marking/DOD_111688964/raw-crops/frame_0062.jpg,research/ufo-derived/video-motion-pass/dense-marking/DOD_111688964/annotated-crops/frame_0062_annotated.jpg,research/ufo-derived/video-motion-pass/dense-marking/DOD_111688964/object-zoom-patches/frame_0062_patch.jpg
DOD_111688964.mp4,63,12.4,372,435.2,273.6,-44.8,3.6,416.4,303.6,35.38,20,17,217,222,205.96,12.16,near colored track symbology,possible,21,18,medium,high,"reticle only, object left/lower-left",,,manual-seed interpolation plus local bright-feature refinement,research/ufo-derived/video-motion-pass/dense-marking/DOD_111688964/raw-crops/frame_0063.jpg,research/ufo-derived/video-motion-pass/dense-marking/DOD_111688964/annotated-crops/frame_0063_annotated.jpg,research/ufo-derived/video-motion-pass/dense-marking/DOD_111688964/object-zoom-patches/frame_0063_patch.jpg
DOD_111688964.mp4,64,12.6,378,451.3,267.5,-28.7,-2.5,439.6,295.4,30.28,8,16,95,220,187.42,1.78,intersects colored track symbology,possible,8,18,medium,high,green track box overlays object,,,manual-seed interpolation plus local bright-feature refinement,research/ufo-derived/video-motion-pass/dense-marking/DOD_111688964/raw-crops/frame_0064.jpg,research/ufo-derived/video-motion-pass/dense-marking/DOD_111688964/annotated-crops/frame_0064_annotated.jpg,research/ufo-derived/video-motion-pass/dense-marking/DOD_111688964/object-zoom-patches/frame_0064_patch.jpg
DOD_111688964.mp4,65,12.8,384,476.7,266.8,-3.3,-3.2,462.8,287.2,24.72,22,17,197,216,203.39,12.73,inside colored track box,possible,22,17,high,high,green track box overlays object,,,manual-seed interpolation plus local bright-feature refinement,research/ufo-derived/video-motion-pass/dense-marking/DOD_111688964/raw-crops/frame_0065.jpg,research/ufo-derived/video-motion-pass/dense-marking/DOD_111688964/annotated-crops/frame_0065_annotated.jpg,research/ufo-derived/video-motion-pass/dense-marking/DOD_111688964/object-zoom-patches/frame_0065_patch.jpg
DOD_111688964.mp4,66,13.0,390,491.6,270.6,11.6,0.6,486.0,279.0,10.11,21,17,170,217,202.28,5.71,inside colored track box,no,22,17,high,high,green track box overlays object,yes,10.11,manual-seed interpolation plus local bright-feature refinement,research/ufo-derived/video-motion-pass/dense-marking/DOD_111688964/raw-crops/frame_0066.jpg,research/ufo-derived/video-motion-pass/dense-marking/DOD_111688964/annotated-crops/frame_0066_annotated.jpg,research/ufo-derived/video-motion-pass/dense-marking/DOD_111688964/object-zoom-patches/frame_0066_patch.jpg
DOD_111688964.mp4,67,13.2,396,496.3,276.9,16.3,6.9,501.0,286.8,10.95,21,16,199,223,203.98,10.89,inside colored track box,possible,21,17,high,high,green track box overlays object,,,manual-seed interpolation plus local bright-feature refinement,research/ufo-derived/video-motion-pass/dense-marking/DOD_111688964/raw-crops/frame_0067.jpg,research/ufo-derived/video-motion-pass/dense-marking/DOD_111688964/annotated-crops/frame_0067_annotated.jpg,research/ufo-derived/video-motion-pass/dense-marking/DOD_111688964/object-zoom-patches/frame_0067_patch.jpg
DOD_111688964.mp4,68,13.4,402,498.4,281.0,18.4,11.0,516.0,294.6,22.2,22,16,205,222,203.44,12.71,inside colored track box,possible,23,17,high,high,green track box overlays object,,,manual-seed interpolation plus local bright-feature refinement,research/ufo-derived/video-motion-pass/dense-marking/DOD_111688964/raw-crops/frame_0068.jpg,research/ufo-derived/video-motion-pass/dense-marking/DOD_111688964/annotated-crops/frame_0068_annotated.jpg,research/ufo-derived/video-motion-pass/dense-marking/DOD_111688964/object-zoom-patches/frame_0068_patch.jpg
DOD_111688964.mp4,69,13.6,408,521.2,294.7,41.2,24.7,531.0,302.4,12.47,21,9,107,216,195.51,4.67,intersects colored track symbology,no,22,9,high,high,green track box left/overlapping edge of object,,,manual-seed interpolation plus local bright-feature refinement,research/ufo-derived/video-motion-pass/dense-marking/DOD_111688964/raw-crops/frame_0069.jpg,research/ufo-derived/video-motion-pass/dense-marking/DOD_111688964/annotated-crops/frame_0069_annotated.jpg,research/ufo-derived/video-motion-pass/dense-marking/DOD_111688964/object-zoom-patches/frame_0069_patch.jpg
DOD_111688964.mp4,70,13.8,414,549.9,302.3,69.9,32.3,546.0,310.2,8.75,16,18,190,215,197.56,6.86,inside colored track box,possible,17,20,high,high,green track box left/overlapping edge of object,,,manual-seed interpolation plus local bright-feature refinement,research/ufo-derived/video-motion-pass/dense-marking/DOD_111688964/raw-crops/frame_0070.jpg,research/ufo-derived/video-motion-pass/dense-marking/DOD_111688964/annotated-crops/frame_0070_annotated.jpg,research/ufo-derived/video-motion-pass/dense-marking/DOD_111688964/object-zoom-patches/frame_0070_patch.jpg
DOD_111688964.mp4,71,14.0,420,562.1,310.1,82.1,40.1,561.0,318.0,8.0,22,16,224,215,200.66,19.08,near colored track symbology,possible,22,17,high,high,green track box left/overlapping edge of object,yes,8.0,manual-seed interpolation plus local bright-feature refinement,research/ufo-derived/video-motion-pass/dense-marking/DOD_111688964/raw-crops/frame_0071.jpg,research/ufo-derived/video-motion-pass/dense-marking/DOD_111688964/annotated-crops/frame_0071_annotated.jpg,research/ufo-derived/video-motion-pass/dense-marking/DOD_111688964/object-zoom-patches/frame_0071_patch.jpg
DOD_111688964.mp4,72,14.2,426,559.1,321.4,79.1,51.4,546.4,327.0,13.91,21,18,218,219,200.61,15.13,near colored track symbology,possible,22,18,high,high,green track box left/overlapping edge of object,,,manual-seed interpolation plus local bright-feature refinement,research/ufo-derived/video-motion-pass/dense-marking/DOD_111688964/raw-crops/frame_0072.jpg,research/ufo-derived/video-motion-pass/dense-marking/DOD_111688964/annotated-crops/frame_0072_annotated.jpg,research/ufo-derived/video-motion-pass/dense-marking/DOD_111688964/object-zoom-patches/frame_0072_patch.jpg
DOD_111688964.mp4,73,14.4,432,549.3,333.0,69.3,63.0,531.8,336.0,17.75,18,17,204,214,200.53,6.98,inside colored track box,possible,20,18,high,high,green track box left/overlapping edge of object,,,manual-seed interpolation plus local bright-feature refinement,research/ufo-derived/video-motion-pass/dense-marking/DOD_111688964/raw-crops/frame_0073.jpg,research/ufo-derived/video-motion-pass/dense-marking/DOD_111688964/annotated-crops/frame_0073_annotated.jpg,research/ufo-derived/video-motion-pass/dense-marking/DOD_111688964/object-zoom-patches/frame_0073_patch.jpg
DOD_111688964.mp4,74,14.6,438,533.0,342.0,53.0,72.0,517.2,345.0,16.05,21,16,222,224,203.07,9.98,inside colored track box,possible,22,17,high,high,green track box above object,,,manual-seed interpolation plus local bright-feature refinement,research/ufo-derived/video-motion-pass/dense-marking/DOD_111688964/raw-crops/frame_0074.jpg,research/ufo-derived/video-motion-pass/dense-marking/DOD_111688964/annotated-crops/frame_0074_annotated.jpg,research/ufo-derived/video-motion-pass/dense-marking/DOD_111688964/object-zoom-patches/frame_0074_patch.jpg
DOD_111688964.mp4,75,14.8,444,515.5,352.6,35.5,82.6,502.6,354.0,12.97,21,18,238,215,202.64,20.65,near colored track symbology,possible,22,18,high,high,green track box above object,,,manual-seed interpolation plus local bright-feature refinement,research/ufo-derived/video-motion-pass/dense-marking/DOD_111688964/raw-crops/frame_0075.jpg,research/ufo-derived/video-motion-pass/dense-marking/DOD_111688964/annotated-crops/frame_0075_annotated.jpg,research/ufo-derived/video-motion-pass/dense-marking/DOD_111688964/object-zoom-patches/frame_0075_patch.jpg
DOD_111688964.mp4,76,15.0,450,487.8,367.6,7.8,97.6,488.0,363.0,4.58,21,17,204,223,203.37,32.61,near colored track symbology,possible,21,20,high,high,green track box above object,yes,4.58,manual-seed interpolation plus local bright-feature refinement,research/ufo-derived/video-motion-pass/dense-marking/DOD_111688964/raw-crops/frame_0076.jpg,research/ufo-derived/video-motion-pass/dense-marking/DOD_111688964/annotated-crops/frame_0076_annotated.jpg,research/ufo-derived/video-motion-pass/dense-marking/DOD_111688964/object-zoom-patches/frame_0076_patch.jpg
DOD_111688964.mp4,77,15.2,456,469.5,371.9,-10.5,101.9,457.0,367.4,13.33,21,17,233,224,202.29,39.92,separate from colored track symbology,possible,22,17,high,high,green track box above object,,,manual-seed interpolation plus local bright-feature refinement,research/ufo-derived/video-motion-pass/dense-marking/DOD_111688964/raw-crops/frame_0077.jpg,research/ufo-derived/video-motion-pass/dense-marking/DOD_111688964/annotated-crops/frame_0077_annotated.jpg,research/ufo-derived/video-motion-pass/dense-marking/DOD_111688964/object-zoom-patches/frame_0077_patch.jpg
DOD_111688964.mp4,78,15.4,462,443.8,374.4,-36.2,104.4,426.0,371.8,17.97,22,16,248,216,202.2,43.43,separate from colored track symbology,possible,24,23,high,high,green track box above object,,,manual-seed interpolation plus local bright-feature refinement,research/ufo-derived/video-motion-pass/dense-marking/DOD_111688964/raw-crops/frame_0078.jpg,research/ufo-derived/video-motion-pass/dense-marking/DOD_111688964/annotated-crops/frame_0078_annotated.jpg,research/ufo-derived/video-motion-pass/dense-marking/DOD_111688964/object-zoom-patches/frame_0078_patch.jpg
DOD_111688964.mp4,79,15.6,468,406.2,375.0,-73.8,105.0,395.0,376.2,11.25,22,17,248,221,203.9,63.56,separate from colored track symbology,possible,23,25,high,high,reticle box centered away from object,,,manual-seed interpolation plus local bright-feature refinement,research/ufo-derived/video-motion-pass/dense-marking/DOD_111688964/raw-crops/frame_0079.jpg,research/ufo-derived/video-motion-pass/dense-marking/DOD_111688964/annotated-crops/frame_0079_annotated.jpg,research/ufo-derived/video-motion-pass/dense-marking/DOD_111688964/object-zoom-patches/frame_0079_patch.jpg
DOD_111688964.mp4,80,15.8,474,364.9,376.7,-115.1,106.7,364.0,380.6,4.05,21,17,246,223,202.27,98.75,separate from colored track symbology,possible,23,20,high,high,reticle box centered away from object,,,manual-seed interpolation plus local bright-feature refinement,research/ufo-derived/video-motion-pass/dense-marking/DOD_111688964/raw-crops/frame_0080.jpg,research/ufo-derived/video-motion-pass/dense-marking/DOD_111688964/annotated-crops/frame_0080_annotated.jpg,research/ufo-derived/video-motion-pass/dense-marking/DOD_111688964/object-zoom-patches/frame_0080_patch.jpg
DOD_111688964.mp4,81,16.0,480,327.8,377.7,-152.2,107.7,333.0,385.0,8.97,21,17,246,224,203.01,133.24,separate from colored track symbology,possible,24,21,high,high,reticle box centered away from object,yes,8.97,manual-seed interpolation plus local bright-feature refinement,research/ufo-derived/video-motion-pass/dense-marking/DOD_111688964/raw-crops/frame_0081.jpg,research/ufo-derived/video-motion-pass/dense-marking/DOD_111688964/annotated-crops/frame_0081_annotated.jpg,research/ufo-derived/video-motion-pass/dense-marking/DOD_111688964/object-zoom-patches/frame_0081_patch.jpg
DOD_111688964.mp4,82,16.2,486,292.8,379.3,-187.2,109.3,308.6,387.2,17.66,21,18,251,218,202.03,134.86,separate from colored track symbology,possible,24,23,high,high,reticle box centered away from object,,,manual-seed interpolation plus local bright-feature refinement,research/ufo-derived/video-motion-pass/dense-marking/DOD_111688964/raw-crops/frame_0082.jpg,research/ufo-derived/video-motion-pass/dense-marking/DOD_111688964/annotated-crops/frame_0082_annotated.jpg,research/ufo-derived/video-motion-pass/dense-marking/DOD_111688964/object-zoom-patches/frame_0082_patch.jpg
DOD_111688964.mp4,83,16.4,492,266.6,378.0,-213.4,108.0,284.2,389.4,21.0,23,17,246,221,202.62,129.02,separate from colored track symbology,possible,24,22,high,high,reticle box centered away from object,,,manual-seed interpolation plus local bright-feature refinement,research/ufo-derived/video-motion-pass/dense-marking/DOD_111688964/raw-crops/frame_0083.jpg,research/ufo-derived/video-motion-pass/dense-marking/DOD_111688964/annotated-crops/frame_0083_annotated.jpg,research/ufo-derived/video-motion-pass/dense-marking/DOD_111688964/object-zoom-patches/frame_0083_patch.jpg
DOD_111688964.mp4,84,16.6,498,256.5,378.0,-223.5,108.0,259.8,391.6,13.98,21,18,254,222,202.38,127.59,separate from colored track symbology,possible,23,22,high,high,reticle box centered away from object,,,manual-seed interpolation plus local bright-feature refinement,research/ufo-derived/video-motion-pass/dense-marking/DOD_111688964/raw-crops/frame_0084.jpg,research/ufo-derived/video-motion-pass/dense-marking/DOD_111688964/annotated-crops/frame_0084_annotated.jpg,research/ufo-derived/video-motion-pass/dense-marking/DOD_111688964/object-zoom-patches/frame_0084_patch.jpg
DOD_111688964.mp4,85,16.8,504,239.0,374.8,-241.0,104.8,235.4,393.8,19.32,22,16,247,221,202.54,130.18,separate from colored track symbology,possible,24,19,high,high,reticle box centered away from object,,,manual-seed interpolation plus local bright-feature refinement,research/ufo-derived/video-motion-pass/dense-marking/DOD_111688964/raw-crops/frame_0085.jpg,research/ufo-derived/video-motion-pass/dense-marking/DOD_111688964/annotated-crops/frame_0085_annotated.jpg,research/ufo-derived/video-motion-pass/dense-marking/DOD_111688964/object-zoom-patches/frame_0085_patch.jpg
DOD_111688964.mp4,86,17.0,510,220.9,370.0,-259.1,100.0,211.0,396.0,27.85,22,15,248,221,201.59,135.18,separate from colored track symbology,possible,23,21,medium,high,reticle box centered away from object,yes,27.85,manual-seed interpolation plus local bright-feature refinement,research/ufo-derived/video-motion-pass/dense-marking/DOD_111688964/raw-crops/frame_0086.jpg,research/ufo-derived/video-motion-pass/dense-marking/DOD_111688964/annotated-crops/frame_0086_annotated.jpg,research/ufo-derived/video-motion-pass/dense-marking/DOD_111688964/object-zoom-patches/frame_0086_patch.jpg
DOD_111688964.mp4,87,17.2,516,203.5,363.5,-276.5,93.5,218.0,388.8,29.15,20,17,246,222,201.8,143.41,separate from colored track symbology,possible,23,20,medium,high,reticle box centered away from object,,,manual-seed interpolation plus local bright-feature refinement,research/ufo-derived/video-motion-pass/dense-marking/DOD_111688964/raw-crops/frame_0087.jpg,research/ufo-derived/video-motion-pass/dense-marking/DOD_111688964/annotated-crops/frame_0087_annotated.jpg,research/ufo-derived/video-motion-pass/dense-marking/DOD_111688964/object-zoom-patches/frame_0087_patch.jpg
DOD_111688964.mp4,88,17.4,522,193.3,357.6,-286.7,87.6,225.0,381.6,39.76,20,17,248,225,203.56,151.23,separate from colored track symbology,possible,22,19,medium,high,reticle box centered away from object,,,manual-seed interpolation plus local bright-feature refinement,research/ufo-derived/video-motion-pass/dense-marking/DOD_111688964/raw-crops/frame_0088.jpg,research/ufo-derived/video-motion-pass/dense-marking/DOD_111688964/annotated-crops/frame_0088_annotated.jpg,research/ufo-derived/video-motion-pass/dense-marking/DOD_111688964/object-zoom-patches/frame_0088_patch.jpg
DOD_111688964.mp4,89,17.6,528,202.8,350.1,-277.2,80.1,232.0,374.4,37.97,19,16,229,221,203.07,8.09,near colored track symbology,possible,21,19,medium,medium,reticle box centered away from object,,,manual-seed interpolation plus local bright-feature refinement,research/ufo-derived/video-motion-pass/dense-marking/DOD_111688964/raw-crops/frame_0089.jpg,research/ufo-derived/video-motion-pass/dense-marking/DOD_111688964/annotated-crops/frame_0089_annotated.jpg,research/ufo-derived/video-motion-pass/dense-marking/DOD_111688964/object-zoom-patches/frame_0089_patch.jpg
DOD_111688964.mp4,90,17.8,534,214.5,342.6,-265.5,72.6,239.0,367.2,34.72,11,20,177,220,185.59,3.47,intersects colored track symbology,possible,11,20,medium,medium,reticle box centered away from object,,,manual-seed interpolation plus local bright-feature refinement,research/ufo-derived/video-motion-pass/dense-marking/DOD_111688964/raw-crops/frame_0090.jpg,research/ufo-derived/video-motion-pass/dense-marking/DOD_111688964/annotated-crops/frame_0090_annotated.jpg,research/ufo-derived/video-motion-pass/dense-marking/DOD_111688964/object-zoom-patches/frame_0090_patch.jpg
DOD_111688964.mp4,91,18.0,540,239.4,336.6,-240.6,66.6,246.0,360.0,24.3,21,17,247,226,201.85,168.39,separate from colored track symbology,possible,23,20,medium,medium,reticle box centered away from object,yes,24.3,manual-seed interpolation plus local bright-feature refinement,research/ufo-derived/video-motion-pass/dense-marking/DOD_111688964/raw-crops/frame_0091.jpg,research/ufo-derived/video-motion-pass/dense-marking/DOD_111688964/annotated-crops/frame_0091_annotated.jpg,research/ufo-derived/video-motion-pass/dense-marking/DOD_111688964/object-zoom-patches/frame_0091_patch.jpg
DOD_111688964.mp4,92,18.2,546,268.9,325.5,-211.1,55.5,268.8,349.0,23.48,21,17,246,225,200.67,177.7,separate from colored track symbology,possible,23,22,medium,medium,reticle box centered away from object,,,manual-seed interpolation plus local bright-feature refinement,research/ufo-derived/video-motion-pass/dense-marking/DOD_111688964/raw-crops/frame_0092.jpg,research/ufo-derived/video-motion-pass/dense-marking/DOD_111688964/annotated-crops/frame_0092_annotated.jpg,research/ufo-derived/video-motion-pass/dense-marking/DOD_111688964/object-zoom-patches/frame_0092_patch.jpg
DOD_111688964.mp4,93,18.4,552,293.2,320.4,-186.8,50.4,291.6,338.0,17.63,22,16,252,220,201.65,152.81,separate from colored track symbology,possible,25,20,medium,medium,reticle box centered away from object,,,manual-seed interpolation plus local bright-feature refinement,research/ufo-derived/video-motion-pass/dense-marking/DOD_111688964/raw-crops/frame_0093.jpg,research/ufo-derived/video-motion-pass/dense-marking/DOD_111688964/annotated-crops/frame_0093_annotated.jpg,research/ufo-derived/video-motion-pass/dense-marking/DOD_111688964/object-zoom-patches/frame_0093_patch.jpg
DOD_111688964.mp4,94,18.6,558,317.5,314.9,-162.5,44.9,314.4,327.0,12.49,22,17,250,225,202.31,127.95,separate from colored track symbology,possible,24,18,medium,high,orange tracking box around object,,,manual-seed interpolation plus local bright-feature refinement,research/ufo-derived/video-motion-pass/dense-marking/DOD_111688964/raw-crops/frame_0094.jpg,research/ufo-derived/video-motion-pass/dense-marking/DOD_111688964/annotated-crops/frame_0094_annotated.jpg,research/ufo-derived/video-motion-pass/dense-marking/DOD_111688964/object-zoom-patches/frame_0094_patch.jpg
DOD_111688964.mp4,95,18.8,564,341.8,308.8,-138.2,38.8,337.2,316.0,8.54,22,16,248,225,204.71,102.95,separate from colored track symbology,possible,25,25,medium,high,orange tracking box around object,,,manual-seed interpolation plus local bright-feature refinement,research/ufo-derived/video-motion-pass/dense-marking/DOD_111688964/raw-crops/frame_0095.jpg,research/ufo-derived/video-motion-pass/dense-marking/DOD_111688964/annotated-crops/frame_0095_annotated.jpg,research/ufo-derived/video-motion-pass/dense-marking/DOD_111688964/object-zoom-patches/frame_0095_patch.jpg
DOD_111688964.mp4,96,19.0,570,373.6,303.8,-106.4,33.8,360.0,305.0,13.68,11,18,139,221,196.55,5.64,inside colored track box,possible,12,18,medium,high,orange tracking box around object,yes,13.68,manual-seed interpolation plus local bright-feature refinement,research/ufo-derived/video-motion-pass/dense-marking/DOD_111688964/raw-crops/frame_0096.jpg,research/ufo-derived/video-motion-pass/dense-marking/DOD_111688964/annotated-crops/frame_0096_annotated.jpg,research/ufo-derived/video-motion-pass/dense-marking/DOD_111688964/object-zoom-patches/frame_0096_patch.jpg
DOD_111688964.mp4,97,19.2,576,398.5,300.9,-81.5,30.9,388.0,302.4,10.6,17,16,182,228,200.37,5.35,inside colored track box,yes,18,43,medium,high,orange tracking box around object,,,manual-seed interpolation plus local bright-feature refinement,research/ufo-derived/video-motion-pass/dense-marking/DOD_111688964/raw-crops/frame_0097.jpg,research/ufo-derived/video-motion-pass/dense-marking/DOD_111688964/annotated-crops/frame_0097_annotated.jpg,research/ufo-derived/video-motion-pass/dense-marking/DOD_111688964/object-zoom-patches/frame_0097_patch.jpg
DOD_111688964.mp4,98,19.4,582,429.8,296.7,-50.2,26.7,416.0,299.8,14.11,12,16,134,215,199.58,5.78,inside colored track box,possible,12,17,medium,high,orange tracking box around object,,,manual-seed interpolation plus local bright-feature refinement,research/ufo-derived/video-motion-pass/dense-marking/DOD_111688964/raw-crops/frame_0098.jpg,research/ufo-derived/video-motion-pass/dense-marking/DOD_111688964/annotated-crops/frame_0098_annotated.jpg,research/ufo-derived/video-motion-pass/dense-marking/DOD_111688964/object-zoom-patches/frame_0098_patch.jpg
DOD_111688964.mp4,99,19.6,588,448.1,296.3,-31.9,26.3,444.0,297.2,4.19,13,12,117,217,189.51,4.74,intersects colored track symbology,no,13,12,medium,medium,orange tracking box inside green reticle box,,,manual-seed interpolation plus local bright-feature refinement,research/ufo-derived/video-motion-pass/dense-marking/DOD_111688964/raw-crops/frame_0099.jpg,research/ufo-derived/video-motion-pass/dense-marking/DOD_111688964/annotated-crops/frame_0099_annotated.jpg,research/ufo-derived/video-motion-pass/dense-marking/DOD_111688964/object-zoom-patches/frame_0099_patch.jpg
DOD_111688964.mp4,100,19.8,594,481.7,294.7,1.7,24.7,472.0,294.6,9.74,21,13,160,216,199.38,4.74,intersects colored track symbology,possible,23,18,medium,medium,orange tracking box inside green reticle box,,,manual-seed interpolation plus local bright-feature refinement,research/ufo-derived/video-motion-pass/dense-marking/DOD_111688964/raw-crops/frame_0100.jpg,research/ufo-derived/video-motion-pass/dense-marking/DOD_111688964/annotated-crops/frame_0100_annotated.jpg,research/ufo-derived/video-motion-pass/dense-marking/DOD_111688964/object-zoom-patches/frame_0100_patch.jpg
DOD_111688964.mp4,101,20.0,600,494.0,290.9,14.0,20.9,500.0,292.0,6.07,19,11,160,217,199.41,4.92,intersects colored track symbology,possible,21,18,medium,medium,orange tracking box inside green reticle box,yes,6.07,manual-seed interpolation plus local bright-feature refinement,research/ufo-derived/video-motion-pass/dense-marking/DOD_111688964/raw-crops/frame_0101.jpg,research/ufo-derived/video-motion-pass/dense-marking/DOD_111688964/annotated-crops/frame_0101_annotated.jpg,research/ufo-derived/video-motion-pass/dense-marking/DOD_111688964/object-zoom-patches/frame_0101_patch.jpg
DOD_111688964.mp4,102,20.2,606,505.7,285.3,25.7,15.3,490.4,287.2,15.45,18,15,123,210,192.11,1.76,intersects colored track symbology,possible,19,16,medium,medium,orange tracking box inside green reticle box,,,manual-seed interpolation plus local bright-feature refinement,research/ufo-derived/video-motion-pass/dense-marking/DOD_111688964/raw-crops/frame_0102.jpg,research/ufo-derived/video-motion-pass/dense-marking/DOD_111688964/annotated-crops/frame_0102_annotated.jpg,research/ufo-derived/video-motion-pass/dense-marking/DOD_111688964/object-zoom-patches/frame_0102_patch.jpg
DOD_111688964.mp4,103,20.4,612,496.0,284.2,16.0,14.2,480.8,282.4,15.33,22,16,200,220,204.37,12.04,inside colored track box,possible,23,17,medium,medium,orange tracking box inside green reticle box,,,manual-seed interpolation plus local bright-feature refinement,research/ufo-derived/video-motion-pass/dense-marking/DOD_111688964/raw-crops/frame_0103.jpg,research/ufo-derived/video-motion-pass/dense-marking/DOD_111688964/annotated-crops/frame_0103_annotated.jpg,research/ufo-derived/video-motion-pass/dense-marking/DOD_111688964/object-zoom-patches/frame_0103_patch.jpg
DOD_111688964.mp4,104,20.6,618,487.1,279.5,7.1,9.5,471.2,277.6,16.04,21,16,207,221,203.96,6.07,inside colored track box,possible,21,17,medium,medium,green track box edge intersects object,,,manual-seed interpolation plus local bright-feature refinement,research/ufo-derived/video-motion-pass/dense-marking/DOD_111688964/raw-crops/frame_0104.jpg,research/ufo-derived/video-motion-pass/dense-marking/DOD_111688964/annotated-crops/frame_0104_annotated.jpg,research/ufo-derived/video-motion-pass/dense-marking/DOD_111688964/object-zoom-patches/frame_0104_patch.jpg
DOD_111688964.mp4,105,20.8,624,476.7,277.1,-3.3,7.1,461.6,272.8,15.68,20,15,223,221,204.35,5.89,inside colored track box,no,20,16,medium,medium,green track box edge intersects object,,,manual-seed interpolation plus local bright-feature refinement,research/ufo-derived/video-motion-pass/dense-marking/DOD_111688964/raw-crops/frame_0105.jpg,research/ufo-derived/video-motion-pass/dense-marking/DOD_111688964/annotated-crops/frame_0105_annotated.jpg,research/ufo-derived/video-motion-pass/dense-marking/DOD_111688964/object-zoom-patches/frame_0105_patch.jpg
DOD_111688964.mp4,106,21.0,630,469.4,275.0,-10.6,5.0,452.0,268.0,18.77,14,16,175,218,201.47,5.41,inside colored track box,possible,15,18,medium,medium,green track box edge intersects object,yes,18.77,manual-seed interpolation plus local bright-feature refinement,research/ufo-derived/video-motion-pass/dense-marking/DOD_111688964/raw-crops/frame_0106.jpg,research/ufo-derived/video-motion-pass/dense-marking/DOD_111688964/annotated-crops/frame_0106_annotated.jpg,research/ufo-derived/video-motion-pass/dense-marking/DOD_111688964/object-zoom-patches/frame_0106_patch.jpg

