file,kind,region_date_from_filename,text_status,text_chars,uap_mentions,sensor_terms,behavior_terms,evidence_weight,summary_snippet
dow-uap-d10-mission-report-middle-east-may-2022.pdf,mission report,middle-east-may-2022,text extracted,9599,6,FMV; IR; RADAR; IFF; ES; SENSOR; TGT POD,ROUND; FLY ACROSS; FOV; ALTITUDE; SPEED,high: structured operational report,"1.4a â€¢ Observed Activity Description: 1X UAP â€¢ Method of Observation: FMV â€¢ EEIs Observed: â€¢ Number of EEIs: GENTEXT/OBSERVATION â€¢ Gentext: (SECRET//REL TO USA, FVEY) FROM 1514Z to 1934Z, 1.4a OBSERVED 5X UAP FLY ACROSS THE SCREEN. AT 1514Z 1.4a OBSERVED A UAP WITH THE VISRECCE OF A POSSIBLE 1.4a MISSILE FLY ACROSS THE FOV IVO 38SMC531.4a 96 1.4a 1.4a PROCEEDED TO SEE 4X OTHER UAPS IN THEIR FOV UNTIL 1934Z. ALL 4X REMAINING UAP FIT CLOSER TO THE PROFILE OF POSSIBLE BIRDS. WEATHER â€¢ Weather: (SECRET\\REL TO USA, FVEY) DUST HINDERED MOST FMV COLLECTION OF THE GROUND. (b)(6) SECRET//REL TO USA, FVEY USCENTCOM MDR 25-0093 / JS-250710-TM8S 10/20/25 006 Approved for Release to AARO"
dow-uap-d12-mission-report-iraq-may-2022.pdf,mission report,iraq-may-2022,text extracted,9705,13,FMV; IR; RADAR; IFF; ES; ANDAS4; TGT POD,ROUND; ALTITUDE; VELOCITY; SPEED; UNK,high: structured operational report,"RF Frequency: - â€¢ UAP RF Duration: - â€¢ UAP Effects on Persons: â€¢ Full Name: â€¢ Email: â€¢ Phone Number (VOSIP/STE): â€¢ UAP First Seen Location: 38SMC79 1.4a 70 1.4a â€¢ UAP Altitude, Depth, Velocity, and Trajectory (indicate estimated or measured): UNK GENTEXT/UAP â€¢ UAP Description (e.g., size, shape, color, markings, recognizable features): (S//REL) 1.4a 1.4a OBSERVED A UAP AT 2043Z FLY NORTH TO NORTH EAST AND FOLLOWED AS LONG AS POSSIBLE. 1.4a SCREENER COULD NOT GET A POSITIVE ID ON THE UAP. 3.5c, FOIA Exemption (b)(6) SECRET//REL TO USA, FVEY MDR 25-0094 thru MDR 25-0099 / JS-250710-TM8S 10/17/25 006 Approved for Release to AARO"
dow-uap-d14-mission-report-iraq-may-2022.pdf,mission report,iraq-may-2022,text extracted,16180,15,FMV; IR; RADAR; IFF; ES; ANDAS4; TGT POD,ROUND; ALTITUDE; VELOCITY; SPEED,high: structured operational report,"No â€¢ UAP RF Frequency: - â€¢ UAP RF Duration: - â€¢ UAP Effects on Persons: â€¢ Full Name: â€¢ Email: â€¢ Phone Number (VOSIP/STE): â€¢ UAP First Seen Location: 37SBV28!1.4a[~ â€¢ UAP Altitude, Depth, Velocity, and Trajectory (indicate estimated or measured): - GENTEXT/UAP â€¢ UAP Description (e.g., size, shape, color, markings, recognizable features): (S//REL)! 1.4a I 1.4a !OBSERVED A UAP AT 0117Z FLY NORTH TO NORTH EAST AND FOLLOWED AS LONG AS POSSIBLE.~SCREENER COULD NOT GET A POSITIVE ID ON THE UAP. OBSERVATION 3.5c, FOIA Exemption (b}(6) SECRET//REL TO USA, FVEY MDR 25-0094 thru MDR 25-0099 / JS-250710-TM8S 10/17/25 008 Approved for Release to AARO Declassified by MG Richard A. Harrison USCENTCOM Chief of Staff SECRET//REL TO USA, FVEY Declassified on: 8 October 2025"
dow-uap-d16-mission-report-syria-july-2022.pdf,mission report,syria-july-2022,text extracted,14139,15,FMV; IR; RADAR; IFF; ES; SENSOR,ROUND; FOV; ALTITUDE; VELOCITY; SPEED,high: structured operational report,"FAQ SALTI AB (OJMS). AT 301829ZJUL22,~HANDED OVER FROM THE LRE. AT 301925ZJUL22, I 1.4a !BEGAN SIGINT COLLECT. AT 302028ZJUL22~VED ON STATION AND CHECKED IN WITH TF CHOSIN STA TO PERFORM IMINT IVO 37SFU3~1~ (SEE ISR 1). AT 310239ZJUL22, ~OBSERVED AN UNIDENTIFIED AERIAL PHENOMENON IVO 37SFU271w'7~(SEE UAP 1). AT 311343ZJUL22,~RETURNED TO BASE. AT 311409ZJUL22J 1.4a [ERMINATED SIGINT COLLECT. AT 311458ZJUL22,~HANDED BACK TO THE LRE. AT 311519ZJUL22, ~LANDED AT OJMS. FULL MOTION VIDEO WAS EXPLOITED BY DGSl. 20.9 MISSION HOURS, 17 .2 IMINT HOURS, 1 IMINT TA SKINGS PROSECUTED, 18. 7 SIGINT HOURS, 1 SIGINT TASKINGSPROSECUTED,2TOTALTASKINGSPROSECUTED (SJRELIBO, l\Iission Narrative Admin CLASSIFICATION â€¢ Classificatiom f!ffle'IHH' â€¢ Associated Caveats3 l'i0P0Rli â€¢ Classification Source (MS or Classification Guide ID): MULTIPLE SOURCES â€¢ Declassification Date (YYYYMMDD): 20470731 OPERATION â€¢ Oper"
dow-uap-d18-mission-report-iraq-december-2022.pdf,mission report,iraq-december-2022,text extracted,10237,14,FMV; IR; RADAR; IFF; ES; BLASPHEMY; SENSOR,ROUND; ALTITUDE; VELOCITY; SPEED,high: structured operational report,": - â€¢ UAP Effects on Persons: (U) NONE REPORTED â€¢ Full Name: - â€¢ Email: - â€¢ Phone Number (VOSIP/STE): - â€¢ UAP First Seen Location: 38S MB 4~83!1.4a! â€¢ UAP Altitude, Depth, Velocity, and Trajectory (indicate estimated or measured): - GENTEXTIUAP â€¢ UAP Description (e.g., size, shape, color, markings, recognizable features). tB,11'i'ifFâž” AT 16202, I 1.4a !OBSERVED lX POSSIBLE UAP/UAV FLYING WEST TO EAST IVO 38SMB4~831I:4al ~DID NOT FOLLOW UAP. ~CONTINUED THE MISSION AS TASKED, NO FURTHER EVENTS WERE OBSERVED. 1.4a 81l!EIMMf 8PEHlfi MDR 25-0094 thru MDR 25-0099 / JS-250710-TM8S 10/17/25 006 Approved for Release to AARO"
dow-uap-d19-mission-report-syria-february-21-2023.pdf,mission report,syria-february-21-2023,text extracted,17101,4,IR; RADAR; IFF; ES; TGT POD,ROUND; BALLOON; ALTITUDE; SPEED,high: structured operational report,"TRACK). ES,1,m!h Ir() 8&\., FW1l) 00032- ~ FLT CHECKED ON STATION W/ KINGPIN AND PROCEEDED TO CONDUCT DCA IVO ESSA. ~&~~W~ 90212-00242 -~RECEIVED MFT RADAR JAMMING IVO SHADDADI d 1.4a I 1.4a IAT FL270. NTFR. ES!'.'>W) 00252-~OBS 3X POSS UAP IVO SHADDADI I....___1_.4a_ ____,!AT FL240. WSV PRODUCED. NFTR. â€¢tS,',4&:: 'F8 ti&\. FiWf) 01342-~FLT AIR REFUELED W/! 1.4a !RECEIVING 33.5K LBS (COMBINED TOTAL) OF FUEL (GANDER TRACK). â‚¬&~ 1tQ Yi/1, Â¥\QiÂ¥) 01352- ~OBS IX POSS BALLOON IVO SHADDADI I...._....._1.4=a_ _. I 1.4a I AT FL210. WSV PRODUCED. NFTR. ~i(UL '.J;Q WA. FMIJ 02262-~AIR REFUELED W/~CEIVING 1lK LBS FUEL (GANDER TRACK). ~,(~ls 'P9 UStâ€¢t~ PtrÂ£Y) 03402- ~FLT CHECKED OFF STATION W/ KINGPIN. â‚¬it.UL +Q Uli.,t1gFWsÂ¥) 03402- ~FLT C2 CHECK OUT W/ KINGPIN AND RTB. ~lir(!P&. J:Q GSA, FÂ¥.EÂ¥) 04252- ~FLT LANDED AT OJMS W/ BSD AT 04352. NSTR. (iRlEl51BO, Mission Narrative 3.5c, FOIA Exemption (b)("
dow-uap-d23-mission-report-united-arab-emirates-october-2023.pdf,mission report,united-arab-emirates-october-2023,text extracted,16776,64,FMV; IR; RADAR; IFF; ES; GMESH; SENSOR; TGT POD,ROUND; ALTITUDE; VELOCITY; SPEED; UNK,high: structured operational report,"UAP Anomalous Characteristics/ Behaviors: UNK. â€¢ First Accurac : Estimated â€¢ Call Sign: 1.4a â€¢ UAP First Seen Location: â€¢ UAP Last Seen Location: â€¢ UAP Altitude, Depth, Velocity, and Trajectory (indicate estimated or measured): GENTEX.TIUAP â€¢ UAP Description (e.g., size, shape, color, markings, recognizable features): UNK. â€¢ Gentext (UAP Event Description): (S/NF)AT 02412,~OBSERVED IX UAP IYO 39RXK6~~1.4al UAP â€¢ Initial Contact DTG: 240322:00ZOCT23 â€¢ UAP Event Type: UAP Incident â€¢ UAP Maneuverability Observations: NONE â€¢ UAP Response to Observer Actions: UNK â€¢ MDS Type / Asset Type: UNK. â€¢ Tail Number:j1.4a, 1.4g! â€¢ Friendly Aircraft Location: 39RXK6~~1.4a! â€¢ Friendly Aircraft Altitude/Depth: FL243 â€¢ Friendly Aircraft Trajectory: 280 DEGREES â€¢ Observer Assessment of UAP: Benign â€¢ Friendly Aircraft Speed: 162 KTAS â€¢ Observation Interrogation of UAP (yes/no; if yes list sensor(s) and retur"
dow-uap-d23-mission-report-united-arab-emirates-october-2023_1_.pdf,mission report,united-arab-emirates-october-2023-1-,text extracted,16776,64,FMV; IR; RADAR; IFF; ES; GMESH; SENSOR; TGT POD,ROUND; ALTITUDE; VELOCITY; SPEED; UNK,high: structured operational report,"UAP Anomalous Characteristics/ Behaviors: UNK. â€¢ First Accurac : Estimated â€¢ Call Sign: 1.4a â€¢ UAP First Seen Location: â€¢ UAP Last Seen Location: â€¢ UAP Altitude, Depth, Velocity, and Trajectory (indicate estimated or measured): GENTEX.TIUAP â€¢ UAP Description (e.g., size, shape, color, markings, recognizable features): UNK. â€¢ Gentext (UAP Event Description): (S/NF)AT 02412,~OBSERVED IX UAP IYO 39RXK6~~1.4al UAP â€¢ Initial Contact DTG: 240322:00ZOCT23 â€¢ UAP Event Type: UAP Incident â€¢ UAP Maneuverability Observations: NONE â€¢ UAP Response to Observer Actions: UNK â€¢ MDS Type / Asset Type: UNK. â€¢ Tail Number:j1.4a, 1.4g! â€¢ Friendly Aircraft Location: 39RXK6~~1.4a! â€¢ Friendly Aircraft Altitude/Depth: FL243 â€¢ Friendly Aircraft Trajectory: 280 DEGREES â€¢ Observer Assessment of UAP: Benign â€¢ Friendly Aircraft Speed: 162 KTAS â€¢ Observation Interrogation of UAP (yes/no; if yes list sensor(s) and retur"
dow-uap-d25-mission-report-greece-january-2024.pdf,mission report,greece-january-2024,text extracted,13158,36,FMV; IR; RADAR; IFF; ES; GMESH; BLASPHEMY; SANTA FE; SENSOR; TGT POD,ROUND; ALTITUDE; VELOCITY; KNOTS; SPEED; UNK,high: structured operational report,"classified on: 24 October 2025 Misrep undefined-9629373 Narrative (SECRET//REL TO USA, FVEY) AT 0109Z, (b)(1)1.4a CONDUCTED SLR TAKE OFF FROM LGLR. (b)(1)1.4a PROCEEDED TO FRAGGED TASKING TO SUPPORT (b)(1)1.4a AT 0509Z, (b)(1)1.4a OBSERVED AN UNIDENTIFIED AERIAL PHENOMENON (SEE UAP 1). AT 0135Z, (b)(1)1.4a WAS 7-LINED TO SUPPORT (b)(1)1.4a (b)(1)1.4a ARRIVED ON-STATION AT 0635Z, CHECKED IN WITH (b)(1)1.4a AND PERFORMED FMV/SIGINT COLLECTION AT 36R XV 19 (b)(1)1.4a 63 (SEE (b)(1)1.4a ISR 1). AT 1504Z, (b)(1)1.4a RETURNED TO BASE. AT 2149Z, (b)(1)1.4a LANDED AT LGLR. FULL MOTION VIDEO WAS EXPLOITED BY GET. 20:40 MISSION HOURS, 08:29 FMV HOURS, 1X FMV TASKINGS PROSECUTED, 08:27 SIGINT HOURS, 1X SIGINT TASKINGS. (SECRET//REL TO USA, FVEY) (S/RELIDO) Mission Narrative Admin CLASSIFICATION â€¢ Classification: SECRET â€¢ Associated Caveats: REL TO USA, FVEY â€¢ Classification Source (MS or Classifica"
dow-uap-d27-mission-report-united-arab-emirates-october-2023.pdf,mission report,united-arab-emirates-october-2023,text extracted,14561,33,FMV; IR; RADAR; IFF; ES; GMESH; SENSOR; TGT POD,ROUND; ALTITUDE; VELOCITY; KNOTS; SPEED; UNKNOWN; UNK,high: structured operational report,"yes, describe): NO â€¢ UAP Anomalous Characteristics/ Behaviors: â€¢ First Accuracy: Precise â€¢ Call Sign: (b)(1)1.4a â€¢ UAP First Seen Location: â€¢ UAP Last Seen Location: â€¢ UAP Altitude, Depth, Velocity, and Trajectory (indicate estimated or measured): GENTEXT/UAP â€¢ UAP Description (e.g., size, shape, color, markings, recognizable features): (SECRET//NOFORN) GLOWING HOT SPHERICAL UNIDENTIFIED OBJECT WITH A VERTICAL UNWAVERING CYLINDRICAL POLE/BAR ATTACHED ON THE BOTTOM OF THE OBJECT POSS REFLECTION FROM THE OBJECT IN THE WATER, MOVING AT 140KNOTS (SECRET//NOFORN) â€¢ Gentext (UAP Event Description): (SECRET//NOFORN) DURING RTB AT 0457Z, (b)(1)1.4a OBSERVED 1X UAP WHILE TRANSITING OVER 40RFM60 2 (b)(1)1.4a FLYING AT AN ALTITUDE OF 23,999FT MSL AND SPEED OF 163KTS. (b)(1)1.4a (SECRET//NOFORN) NIB â€¢ Earliest Time Intelligence of Value: 070444:00ZJUN24 â€¢ Latest Time Intelligence of Value: 070548:00"
dow-uap-d28-mission-report-east-china-sea-2024.pdf,mission report,east-china-sea-2024,text extracted,12321,41,IR; RADAR; IFF; ES; SENSOR; TGT POD,ROUND; ALTITUDE; VELOCITY; SPEED; UNKNOWN; UNK,high: structured operational report,"IMARY UAP IMMEDIATELY BEFORE LEAVING THE SENSOR FIELD OF VIEW. â€¢ First Accuracy: Precise â€¢ Call Sign: (b)(1)1.4a â€¢ UAP First Seen Location: â€¢ UAP Last Seen Location: â€¢ UAP Altitude, Depth, Velocity, and Trajectory (indicate estimated or measured): GENTEXT/UAP â€¢ UAP Description (e.g., size, shape, color, markings, recognizable features): UAP CREATED IR LENS FLARE ON MX-20 & MX-25 SENSORS, INDICATING A SIGNIFICANT HEAT SOURCE. THE UAP MOVED AT A HIGH RATE OF SPEED THROUGH THE SENSOR FIELD OF VIEW. THE CREW MAINTAINED LASER ENERGY UNTIL THE MUNITION IMPACTED ITS DESIRED TARGET. (b)(1)1.4a DID NOT REOBSERVE THE UAP. â€¢ Gentext (UAP Event Description): (S//REL TO USA, FVEY) (b)(1)1.4a ENTERED AYN AL ASAD AIRBASE's (AAAB) RESTRICTED OPERATING ZONE (ROZ) RAINDROP AT APPROXIMATELY 1930Z TO CONDUCT A WEAPONS CALIBRATION. (b)(1)1.4a RECEIVED A CALL FOR FIRE AT APPROXIMATELY 2025Z TO EMPLOY AN AGM-1"
dow-uap-d3-mission-report-arabian-gulf-2020.pdf,mission report,arabian-gulf-2020,text extracted,7039,30,FMV; IR; RADAR; IFF; ES; SENSOR; TGT POD,ROUND; FOV; ALTITUDE; VELOCITY; SPEED,high: structured operational report,"(b)(1)1.4a (b)(1)1.4a â€¢ UAP Effects on Persons: â€¢ UAP Objects/Material Recovered (yes/no; if yes, describe): â€¢ UAP Effects on Equipment: â€¢ Full Name: â€¢ Rank/Grade: â€¢ Email: â€¢ Phone Number (VOSIP/STE): GENTEXT/UAP â€¢ UAP Description (e.g., size, shape, color, markings, recognizable features): 4X UAP OBSERVED FLYING IN (b)(1)1.4a FOV. CLOUD COVERAGE OBSTRUCTED (b)(1)1.4a FROM FOLLOWING AND GETTING A CLEAR VISUAL. (SEE ISR 1). â€¢ Gentext (UAP Event Description): AT APPROX 1736Z 4 UAP WERE OBSERVED BENEATH (b)(1)1.4a 1X UAP OBSERVED AT 17:36:22, 2X UAP OBSERVED SIDE BY SIDE AT 17:36:30, AND 1X UAP OBSERVED AT 17:36:49. (b)(1)1.4a"
dow-uap-d32-mission-report_-syria-october-2024.pdf,mission report,mission-report--syria-october-2024,text extracted,18254,34,FMV; IR; RADAR; IFF; ES; GMESH; SANTA FE; SENSOR; TGT POD,ROUND; ALTITUDE; VELOCITY; KNOTS; SPEED; UNKNOWN; UNK; DYNAMIC,high: structured operational report,"assified by MG Richard A. Harrison USCENTCOM Chief of Staff SECRET//REL TO USA, FVEY Declassified on: 24 October 2025 GENTEXT/UAP â€¢ UAP Description (e.g., size, shape, color, markings, recognizable features): MISHAPEN AND UNEVEN BALL OF WHITE LIGHT. â€¢ Gentext (UAP Event Description): (SECRET//REL TO USA, FVEY) FROM 1559Z-1644Z, (b)(1)1.4a OBSERVED MULTIPLE GLARES OR LIGHT FROM UNKNOWN ORIGIN AT DIFFERENT ANGLES AND DIRECTIONS. AT 1559Z, 1602Z AND AT 1644Z, (b)(1)1.4a OBSERVED 1X LIGHT/GLARE CROSSED DIRECTLY ON THE FMV CAMERA. AT 1609Z AND 1620Z, (b)(1)1.4a OBSERVED A LIGHT/GLARE HALO EFFECT AT THE TOP OF (b)(1)1.4a FMV FEED. AIRCREW CONSIDERED THIS NO MISSION IMPACT OR CHANGE AND UAP WAS BENIGN. (SECRET//REL TO USA, FVEY) ISR â€¢ Time-on Station DTG: 202318:00ZOCT24 â€¢ Time-off Station DTG: 210124:00ZOCT24 â€¢ Aircraft Callsign: (b)(1)1.4a â€¢ Msn Type: TARGET DEV â€¢ Primary Sensor: FMV â€¢ Sensor"
dow-uap-d33-mission-report-greece-october-2023.pdf,mission report,greece-october-2023,text extracted,10977,34,FMV; IR; RADAR; IFF; ES; G-MESH; GMESH; SENSOR; TGT POD,ROUND; ALTITUDE; VELOCITY; SPEED; UNK,high: structured operational report,"O FRAGGED TASKING TO SUPPORT DATA MASKED. AT 0013Z,~WAS 7â€¢LINED TO SUPPORT DATA MASKED 1.4a ED ONâ€¢STATION AT 03422, CHECKED IN WITH DATA MASKED, AND PERFO D FMV/SIGINT COLLECTION AT 36S YC 401 .4a!5g (SEE ISR 1). AT 0035Z,[u;JOBSERVED lX POSS UAP (SEE UAP 1). AT 101 lZ[uia]RETURNED TO BASE. AT 1213Z,~HANpED BACK TO THE LRE. AT 1309Z, ~LANDED AT OJMS. FULL MOTION VIDEO WAS EXPLbITED BY GET. 13:30 MISSION HOURS, 06:29 FMV HOURS, IX FMV TASKINGS PROSECUT D. Mission Narrative Admin CLASSIFICATION â€¢ Classification: â€¢ Associated Caveats: â€¢ Classification Source (MS or Classification Guide ID): MS â€¢ Declassification Date (YYYYMMDD): 20481026 OPERATION â€¢ Operationt 1.4a â€¢ Domain: AIR â€¢ Operations Center: 603rd â€¢ Major Command (MAJCOM): AFSOC â€¢ Combatant Command (COCOM): USCENTCOM 3.5c, b 6 USCENTCOM MDR 26-0019 Approved for Release to AARO 01/26/26 001 D cl d by MG R chard A H on"
dow-uap-d35-mission-report-greece-october-2023.pdf,mission report,greece-october-2023,text extracted,11137,35,FMV; IR; RADAR; IFF; ES; G-MESH; GMESH; SENSOR; TGT POD,ROUND; ALTITUDE; VELOCITY; SPEED; UNK,high: structured operational report,"EDED TO FRAGGED TASKING TO SUPPORT DATA MASKED. AT 16182,~WAS 7-LINED TO SUPPORT DATA MASKEI),.~ARRIVED <?N-STATION AT 20182, CHECKED IN WITH DATA MASKED, AND PERFO D FMV/SIGINT COLLECTION AT 36S YC 401.4a!5~ (SEE ISR 1). AT 081 lZ,~BSERVED IX POSS UAP (SEE UAP 1). AT 0542Z~RETURNED TO BASE. AT 10352,~ ED BACK TO THE LRE. AT 11052, ~LANDED AT LGLR. FULL MOTION VIDEO WAS EXPLOITED BY GET. 20:01 MISSION HOURS, 09:24 FMV HOURS, IX FMV TASKING$ PROSECU D. Mission Narrative Admin CLASSIFICATION â€¢ Classification: â€¢ Associated Caveats: â€¢ Classification Source (MS or Classification Guide ID): MS â€¢ Declassification Date (YYYYMMDD): 20481028 OPERATION â€¢ Operation1 1.4a â€¢ Domain: AIR â€¢ Operations Center: 603rd â€¢ Major Command (MAJCOM): AFSOC â€¢ Combatant Command (COCOM): USCENTCOM 3.5c, (b )(6) USCENTCOM MDR 26-0019 Approved for Release to AARO 01/26/26 001 Declassified by MG Richard A. Harrison"
dow-uap-d38-range-fouler-debrief-middle-east-may-2020.pdf,range-fouler debrief,middle-east-may-2020,text extracted,6628,0,IR; RADAR; ES; SENSOR; AUTOTRACK,ROUND; BALLOON; ERRATIC; FOV; ALTITUDE; SPEED,high: sensor/range-fouler detail,"bmit"" button above. Save and email the complete file manually Range Fouler Debrie Form (see below). Please complete this form to the best of your ability. If you do ot have the requested information, please leave the field blank. If there was more than one ""group "" please report each on a separate form for data collection purposes. You should receive a respons within 5 business days. Last Name, First Name Rank Squadron SIPR Email Address Crew Position This information is for contact only. SPEAR sanitizes all r ports of identifying information. Absolutely no identifying information for aircrew or squadmn will be recorded for analysis. 05/14/20 20:40:00 Night ISR Date (mmldd/yy) T"
dow-uap-d4-mission-report-arabian-gulf-2020.pdf,mission report,arabian-gulf-2020,text extracted,402,4,IR; ES,INCREASED SPEED; CHANGED DIRECTION; ALTITUDE; VELOCITY; KNOTS; SPEED,high: structured operational report,"1.4(a) 1.4(a) 1.4(a) 1.4(a) 1.4(a) GENTEXT/UAP â€¢ Description: (S//REL) AT 1258Z, 1.4(a) OBSERVED POSS UAP IVO 34SDG9041417044. BRIEF OBSERVATION PRECLUDED UAP ALTITUDE ESTIMATES. VELOCITY ESTIMATED AT 321 KNOTS. UAP INCREASED SPEED AND CHANGED DIRECTION TOWARDS THE EAST. PILOT: (b) (6) (b) (6) (b) (6) SECRET//REL TO USA, FVEY"
dow-uap-d42-range-fouler-debrief-japan-2023.pdf,range-fouler debrief,japan-2023,text extracted,7868,0,IR; RADAR; ES; SENSOR; AUTOTRACK,ROUND; BALLOON; ALTITUDE; SPEED,high: sensor/range-fouler detail,"rH oltl G: b If r'Wri,' \See ue ow. Range Fouler Debrief Form f- 1uol1;<l!!'J""1eL_ï¿½)ï¿½qï¿½ï¿½p1l s y 9 manua 1 Please complete this form to the best of your ability. If you do not have the requested information, please leave the fiï¿½ld blank. If there was more tï¿½ï¿½n one ""group!"" ï¿½ leï¿½se repï¿½rt each on a separate form for data collection purposes. You should receive a response within 5 business days. j482ATKS Rank Pilot Last Name, First Name"
dow-uap-d44-range-fouler-arabian-sea-october-2020.pdf,range-fouler debrief,range-fouler-arabian-sea-october-2020,text extracted,7839,0,IR; RADAR; ES; SENSOR; AUTOTRACK,ROUND; COLD OBJECT; BALLOON; ALTITUDE; SPEED,high: sensor/range-fouler detail,"Decl;sï¿½RmWJlulpJ.ï¿½2fXtLÂ§2rï¿½Â·e and emairffie complete Tile manually Range Fouler Reportinï¿½ Form {see below). Please complete this form to the best of your ability. If you do n:ot have the requested information, please leave the field blank. If there was more than one ""group!"" please report each on a separate form for data collection purposes. You should receive a response within 5 business days. Last N!tme, First Name Rank Squadron SIPR E:mail Address Crew Position 0-2 1172 ATKS Other This information is for contact only. SPEAR san itizes all r .ports of identifying information. Absolutely no identifying information for aircrew or squadr::n will be record"
dow-uap-d48-report-september-1996.pdf,launch/space context,september-1996,text extracted,600362,0,IR; RADAR; IFF; ES; SENSOR,ROUND; ERRATIC; RADAR TRACK; ALTITUDE; VELOCITY; SPEED; UNKNOWN; UNK; DYNAMIC; HOVER,context only,"== ï¿½--== -=--=- ï¿½=------===--====-==-=--=-=-==-__;;;;.______________ RESEARCH TRIANGLE INSTITUTE /RTI Contract No â– - FO4703-91-C-0112 RTI Report No. RTl/5180/77-43F September 10, 1996 Modeling Unlikely Space-Booster Failures in Risk Calculations Final Report"
dow-uap-d49-launch-summary-february-2000.pdf,launch/space context,february-2000,text extracted,378102,0,IR; RADAR; ES,ROUND; SPEED; DYNAMIC,context only,â€¢ V ANDENB.ERG AFB LAUNCH SUMMARY 1958 - 2000 30th SPACE WING Office of History â€¢ â€¢ DISTRIBUTION LIST â€¢ 1 HQ USAF/XOFS 1 30th RANS/DOUS 1 HQ AFSPC/HO 1 30th RANS/DOU 1 HQ AFSPC/DOSL 1 30th SW/CP 1 HQ USSPACECOM/SPJ330S 1 30th SW/PA
dow-uap-d5-mission-report-arabian-gulf-2020.pdf,mission report,arabian-gulf-2020,text extracted,501,4,IR; ES,INCREASED SPEED; VELOCITY; KNOTS; SPEED,high: structured operational report,"1.4(a) 1.4(a) 1.4(a) 1.4(a) 1.4(a) GENTEXT/UAP â€¢ Description: (S//REL) AT 1354Z, 1.4(a) OBSERVED 1X UAP IVO 34SCE7566990098. VELOCITY WAS 40 KNOTS AT FL160 TO FL170. UAP SPEED REMAINED CONSTANT. 1.4(a) 1.4(a) GENTEXT/UAP â€¢ Description: (S//REL) AT 2243Z, 1.4(a) OBSERVED 2X POSS UAPS IVO 35TQK1580995057. VELOCITY WAS ESTIMATED AT 278 KNOTS. UAPS INCREASED SPEED AND CHANGED DIRECTION TOWARDS THE SOUTH. (b) (6) 1.4(a)"
dow-uap-d50-email-correspondence-indopacom-april-2025.pdf,email/tearline correspondence,indopacom-april-2025,text extracted,1316,2,IR; ES,NO INTERFERENCE; ALTITUDE; SPEED; UNK,medium: summary/authorization metadata,"1 (b) (6) CLASSIFICATION: SECRET//NOFORN (b) (6) CLASSIFICATION: SECRET//NOFORN Hello, I wanted to clarify that these tearlines are approved at the UNCLASSIFIED level. 1.4(a) on 10APR25 //UNCLASSIFIED// US AIRCRAFT OBSERVED 1X POSS UAP FOR 12 SECONDS AT 2353Z, FLYING AT UNK ALTITUDE AND UNK SPEED, NO INTERFERENCE WAS NOTED. //UNCLASSIFIED// 1.4(a) on 11APR25 //UNCLASSIFIED// US AIRCRAFT OBSERVED 1X POSS UAP FOR 23 SECONDS AT 0007Z, FLYING AT UNK ALTITUDE AND UNK SPEED, NO INTERFERENCE WAS NOTED. //UNCLASSIFIED// Thank you, (b) (6) Informa on Disclosure Analyst Oï¬ƒce of the Undersecretary of Defense for Intelligence and Security (b) (6) 2"
dow-uap-d51-email-correspondence-pacific-time-zone-march-2023.pdf,email/tearline correspondence,pacific-time-zone-march-2023,text extracted,3116,0,IR; ES,ERRATIC; ALTITUDE; SPEED; HOVER; TRIANGULAR,medium: summary/authorization metadata,"(b) (6) Good morning! Thank you for your patience on this-- like I said, this was a first for me. Upon consulting internally here at HQ, our folks confirmed we do have the authority to process this as a derivative classification review, instead of a declassification request. Based upon the summary you provided below, I concur with using this at the UNCLASSIFIED level in your product. Consider your request approved. Please let me know if there's anything else I can do for you! Thanks, (b) (6) OSI CI Collections and Operations PM Intelligence Oversight PM (b) (6) (b) (6) 1.4(a) Good morning, Thank you for your request. Our process for declassifying IIRs is lengthy"
dow-uap-d52-email-correspondance-na-august-2024.pdf,email/tearline correspondence,na-august-2024,text extracted,912,2,IR; ES,SPEED,medium: summary/authorization metadata,"(b) (6) CLASSIFICATION: SECRET//NOFORN Good morning, Below is the requested additional information (include the year) to the UNCLASS tear line. Let us know if you have any questions, comments or concerns. v/r (b) (6) PAROC Intel Data Analysis Technician 15 AF / DET 1 (b) (6) //UNCLASSIFIED// 31 OCT 24, U.S Aircraft observed a possible UAP. It appeared to be oval/orb 1 shaped, likely moving at a low speed. The U.S Aircraft had eyes on the poss UAP for over 2 hours. //UNCLASSIFIED// (b) (6) CLASSIFICATION: SECRET//NOFORN Hello, Could you please approve the use of the year this incident took place? Currently you"
dow-uap-d54-mission-report-mediterranean-sea-na.pdf,mission report,mediterranean-sea-na,text extracted,580,6,ES,ALTITUDE; SPEED,high: structured operational report,"1.4(a) 1.4(a) 1.4(a) 1.4(a) 1.4(a) 1.4(a) 1.4(a) 1.4(a) GENTEXT/UAP â€¢ UAP Description (e.g., size, shape, color, markings, recognizable features): (SECRET//NOFORN) 1X UAP DETECTED WITH DESCRIPTIVE INFORMATION SUCH AS BEING A TRIANGLUAR AND METALLIC UAP. (SECRET//NOFORN) â€¢ Gentext (UAP Event Description): (SECRET//NOFORN) DURING RTB AT 1319Z, 1.4(a) OBSERVED 1X UAP WHILE TRANSITING OVER 363453N 0255943E FLYING AT AN ALTITUDE OF 24,989FT MSL AND SPEED OF 168KTS. (SECRET//NOFORN) 1.4(a)"
dow-uap-d55-mission-report-syria-november-2016.pdf,mission report,syria-november-2016,text extracted,2550,0,IR; EO/IR; ES; SENSOR,UNKNOWN; UNK,low/no direct UAP signal in extracted text,"Declassified by MG Richard A. Hamson USCENTCOM Chief of Staff Declassified on: 20 M~ 67.1 P-8A OBSERVES UNIDENTIFIED LOW-FLYING OBJECT 55 NM NORTHWEST OF LATAKIA, SYRIA 18 NOV 2016 J!!Jlf: Whtie monitoring KCTG activi"
dow-uap-d56-range-fouler-debrief-arabian-sea-august-2020.pdf,range-fouler debrief,arabian-sea-august-2020,text extracted,7896,0,IR; RADAR; IFF; ES; SENSOR; AUTOTRACK,ROUND; NEGATIVE ES; RADAR TRACK; IFF TRACK; ALTITUDE; SPEED; UNKNOWN; UNK,low/no direct UAP signal in extracted text,"Deel d 11 ,1son S&Sli&i!lllll lfUI u.. purple Deel; ,Ge. ve and Â· Form"
dow-uap-d57-mission-report-gulf-of-aden-september-2020.pdf,mission report,gulf-of-aden-september-2020,text extracted,5875,0,IR; RADAR; ES; SENSOR; AUTOTRACK,ROUND; COLD OBJECT; BALLOON; ALTITUDE; SPEED,high: sensor/range-fouler detail,"Range Fouler Reportin Form Please complete this form to the best of your ability. If you do n~ot have the requested information, please leave the field blank. If there was more than one ""group "" please report each on a separate form for data collection purposes. You should receive a respons within 5 business days. â€¢ Last Name, First Name Rank Squadron SfPR Email Address Crew Position 0-3 1172 ATKS Other This information is for contact only. SPEAR sanitizes all r ports of identifying information. Absolutely no identifying information for aircrew or squadr, n will be recorded for analysis. 09/04/20 21 :09:"
dow-uap-d58-range-fouler-debrief-na-october-2020.pdf,range-fouler debrief,na-october-2020,text extracted,7492,0,IR; RADAR; ES; SENSOR; AUTOTRACK,ROUND; BALLOON; CIRCLING; ALTITUDE; SPEED; UNKNOWN; UNK,high: sensor/range-fouler detail,"ctf.le~~~.fil~ Aie-l~~raftUrple II!!! I Rl!!T 111 Ii IF 11 Oecla~M~ffif~R~li~Bffi',y~(?iS'e and Range Fouler Debrie Form email the complete file manually (see below). L, â€¢ Please complete this form to the best of your ability. If you do have the requested information, please leave the field blank. If there was more than one ""groupi,"" please report each on a separate form for data collection purposes. You should receive a respons within 5 business days. Last Name. First Name Rank Squadron S/PR Â£mail Address Crew Position 0-3 . ._l11_E_F_"
dow-uap-d6-mission-report-arabian-gulf-2020.pdf,mission report,arabian-gulf-2020,text extracted,280,1,ES,,high: structured operational report,"1.4(a) 1.4(a) 1.4(a) 1.4(a) 1.4(a) 1.4(a) 1.4(a) 1.4(a) 1.4(a) â€¢ Description: (S//REL) AT 1246Z, 1.4(a) OBSERVED 1X PROB UAP IVO 3SKT4255899519. NO MISSION IMPACT, 1.4(a) CONTINUED ORIGINAL TASKING. 1.4(a)"
dow-uap-d60-mission-report-persian-gulf-august-2020.pdf,mission report,persian-gulf-august-2020,no/near-empty embedded text,6,0,,,needs OCR/deeper extraction,
dow-uap-d61-mission-report-persian-gulf-august-2020.pdf,mission report,persian-gulf-august-2020,text extracted,10946,1,FMV; IR; RADAR; IFF; ES; GMESH; ANDAS4; SENSOR; TGT POD,ROUND; ALTITUDE; SPEED; UNK,high: structured operational report,"Dectass1f1ed by MG Richard A. Hamson USCENTCOM Chief of Staff Dectass1fied on 22 January 2026 Misrep 4685903 Narrative ( â€¢ t AT 2307Z,[Mi]TOOK OFF FROM OKAS. AT 2320Zi~ HANDED OVER FROM THE LRE. FROM 0003Z TO 1917Z, ~ COLLECTED SIGINT VI,} AIRHANDLER. FROM 0041Z TO 1840ZJ 1.4a !SUPPORTED NAVCENT TO OPERATION! 1.4a !IVO ARABJAN GULF, STRAIT OF HORMUZ AND GULF OF OMAN. SEE IS~ LINE 1. AT 0532Z,! 1Aa ! RECEIVED A GUARD CALL. SE"
dow-uap-d62-mission-report-strait-of-hormuz-september-2020.pdf,mission report,strait-of-hormuz-september-2020,text extracted,13370,3,FMV; IR; RADAR; IFF; ES; GMESH; ANDAS4; SENSOR; TGT POD,ROUND; ALTITUDE; SPEED; UNKNOWN; UNK,high: structured operational report,"EE GUARD CALL LINE 1. AT 042 IZ,[ii;JRECEIVED A GUARD CALL. SE'E GUARD CALL LINE 2. AT l 141Z.~ RECEIVED A GUARD CALL SEE GUARD CALL LINE 3. AT 1248Z,~ LOST LINK SEE EMJ LINE 1. AT 14142:J 1.4a !LOST LINK. SEE EMl LINE 2. AT 1732ZJ 1.4a !OBSERVED A UAP. SE'E OBS LINE L Af I829Z,~ WAS CLEARED TO RTB, AT 19232,G:;]BANDf:D BACK TO TliS LRE. AT l 958Z,~ LANDED AT OK.AS. FMV WAS EXPLOITtD BY DGSI. 20.9 MlSSION 1-IO~S. 15.2 IMlNT HOURS. I JMTNT TASKING PROSECUTED, 19.3 S1GTNT HOURS, 1 SIGINT TAS ING PROSECUTED. 2 TOTAL TASK1NGS PROSECUTED Admln CLASSIFICATION â€¢ Classification: â€¢ Associated Caveats: â€¢ Classification Source (MS ot Classification Guide ID): MUL11IPLE SOURCES â€¢ Declassification Date (YYYYMMDD): 20450301 OPERATION â€¢ Operation~,___ _ _ ______, 1.4a â€¢ Domain: AIR â€¢ Operations Center: 609th â€¢ Majo:r -Command (MAJ COM): ACC â€¢ Combatant Command (COCOl\'I): USCENTCOM MSGID â€¢ Repo:rt Type"
dow-uap-d63-mission-report-strait-of-hormuz-october-2020.pdf,mission report,strait-of-hormuz-october-2020,no/near-empty embedded text,8,0,,,needs OCR/deeper extraction,
dow-uap-d64-mission-report-iran-november-2020.pdf,mission report,iran-november-2020,text extracted,11777,8,FMV; IR; RADAR; IFF; ES; GMESH; ANDAS4; SENSOR; TGT POD,ROUND; ALTITUDE; SPEED; UNKNOWN; UNK,high: structured operational report,"F LIFE. AT 1012ZJ 1.4a ~ECEIVED A GUARDCALL. SEE GUARDCALLlLINE l. FROM 10152 TO 19I0Z, ~CONDUCTED SCANS [AW THE TARGET DECK IN cl ARABIAN GULF (AG). AT 2143Z, L.:'.:JOBSERVED A UAP. SEE OBS LINE LAT 2148Zj 1.4a ~BSERVED A SECOND UAP. SEE OBS LINE 2. FROM 19102 TO 22102,I 1.4a ~ONDUCTED OPpN WATER SCANS ISO UUV, NO IDENTIFICATION OF UUVWAS FOUND. FROM 221oz TO 0~132,~0NDUCTED SCANS IAW THE TARGET DECK lN THE ARABIAN GULF (AG). AT l l2Z~AS CLEARED OFF TASKING AND RETURNED TO BASE (RTB) JSR ASSET UTILIZATION â€¢ Snpported Unit: NAVCENT )C.... â€¢ Supported Operation: OPERATION._!_ _..Cb.... l)...,14'""""'a,____, â€¢ Precoord Time: 24 HOURS â€¢ Precoord Effectiveness: SATISFACTORY WEATHER â€¢ Weather: (U) HAZE PRECLUDED !MINT COLLECTION EFFECTIVENESS â€¢ Tasker: â€¢ Intel Gap Filled?: No "" Gentext: - Off Station â€¢ Time Off Station DTG: 030113 :002NOV20 â€¢ Total Time On Station: 18 hours 55 minutes USCENTCOM"
dow-uap-d65-mission-report-persian-gulf-july-2020.pdf,mission report,persian-gulf-july-2020,no/near-empty embedded text,8,0,,,needs OCR/deeper extraction,
dow-uap-d7-mission-report-arabian-gulf-2020.pdf,mission report,arabian-gulf-2020,text extracted,540,6,IR; ES,BALLOON,high: structured operational report,"1.4(a) 1.4(a) 1.4(a) 1.4(a) 1.4(a) 1.4(a) 1.4(a) GENTEXT/UAP â€¢ UAP Description (e.g., size, shape, color, markings, recognizable features): LOOKS LIKE A BALLOON, SIMILAR TO PREVIOUSLY REPORTED UAP FROM 48FW. â€¢ Gentext (UAP Event Description): (SECRET) OBSERVED A WEAPONS QUALITY 1 TRACK OF A UAP TRAVELING WITH THE WINDS AT 31,000 FT MSL IVO 323'S. 1.4(a) WAS ABLE TO MAKE A NEXT TO SHOOT ON THE TRACK AND VISUALLY ID THE UAP IN THE TFLIR. 1.4(a)"
dow-uap-d74-mission-report-syria-november-2023.pdf,mission report,syria-november-2023,text extracted,17121,38,FMV; IR; IFF; ES; SENSOR,ALTITUDE; VELOCITY; SPEED; UNK; DYNAMIC,high: structured operational report,"FU 81 1.4a 06 1.4a (SEE ISR 2). AT 0539Z, 1.4a WAS 7-LINED TO SUPPORT DATA MASKED. 1.4a ARRIVED ON-STATION AT 0805Z, CHECKED IN WITH DATA MASKED, AND PERFORMED FMV/SIGINT COLLECTION AT 38S MB 48 1.4a 86 1.4a (SEE ISR 3). AT 2153Z, 1.4a OBSERVED AN UNIDENTIFIED AERIAL PHENOMENON AT 37D ST 69 1.4a 07 1.4a (SEE UAP 1). AT 1933Z, 1.4a RETURNED TO BASE. AT 2254Z, 1.4a HANDED BACK TO THE 1.4a AT 2319Z, 1.4a LANDED AT 1.4a FULL MOTION VIDEO WAS EXPLOITED BY 1.4a 1.4a (SECRET//NOFORN) (S/RELIDO) Mission Narrative (SECRET//REL TO USA, FVEY) AT 0217Z, 1.4a TOOK OFF FROM 1.4a AT 0229Z, 1.4a HANDED OVER FROM THE 1.4a PROCEEDED TO FRAGGED TASKING TO SUPPORT DATA MASKED. AT 0217Z, 1.4a WAS 7-LINED TO SUPPORT DATA MASKED. 1.4a DID NOT ARRIVE ONSTATION AT 38S MB 48 1.4a 86 1.4a (SEE ON/OFF-STATION 1). AT 0355Z, 1.4a WAS 7-LINED TO SUPPORT DATA MASKED. 1.4a ARRIVED ON-STATION AT 0431Z, CHECKED IN WITH DA"
dow-uap-d75-mission-report-gulf-of-aden-july-2024.pdf,mission report,gulf-of-aden-july-2024,text extracted,14577,36,FMV; IR; ES; SENSOR,ROUND; ALTITUDE; VELOCITY; SPEED; UNKNOWN; UNK; DYNAMIC,high: structured operational report,": UAP'S SPEED WAS FASTER THAN THE 1.4a, 1.4g FLYING SPEED â€¢ First Accuracy: Estimated â€¢ Call Sign: 1.4a â€¢ UAP First Seen Location: â€¢ UAP Last Seen Location: â€¢ UAP Altitude, Depth, Velocity, and Trajectory (indicate estimated or measured): GENTEXT/UAP â€¢ UAP Description (e.g., size, shape, color, markings, recognizable features): UAP HAD â€¢ Gentext (UAP Event Description): (S//REL TO USA, FVEY) 1.4a 1.4a 3.5c, (b)(6) USCENTCOM MDR 25-0072 SECRET//REL TO USA, FVEY 06/02/2025 000008 Approved for Release to AARO - FOUO/PA"
dow-uap-d8-mission-report-djibouti-2025.pdf,mission report,djibouti-2025,text extracted,552,3,ES,WHITE HOT; ROUND; DYNAMIC,high: structured operational report,"1.4(a) 1.4(a) 1.4(a) 1.4(a) 1.4(a) 1.4(a) 1.4(a) 1.4(a) GENTEXT/UAP â€¢ UAP Description (e.g., size, shape, color, markings, recognizable features): (SECRET//REL TO USA, FIN, SWE, FVEY, NATO) AT 1653Z, 1.4(a) OBS 2X ROUND WHITE HOT UAPS DYNAMIC SOUTH AT APPROX 240NM/HOUR IVO 35SQT3423692957. â€¢ Gentext (UAP Event Description): (SECRET//REL TO USA, FIN, SWE, FVEY, NATO) AT 1653Z, 1.4(a) OBS 2X UAPS DYNAMIC SOUTH AT APPROX 240NM/HOUR IVO 35SQT3423692957. 1.4(a)"
dow-uap-pr20.pdf,press/report artifact,dow-uap-pr20,text extracted,796,0,,,low/no direct UAP signal in extracted text,"Recommendation by MG Richard A. Harrison USCENTCOM Chief of Staff CLEARED Recommended on: 8 Oct 25 For Open Publication Mar 10, 2026 Department of Defense OFFICE OF PREPUBLICATION AND SECURITY REVIEW USCENTCOM MDR 25-0094 thru MDR 25-0099 / JS-250710-TM8S 10/17/25 001"

