video,release_id,approx_second,frame_index,phase,confidence,candidate_x_crop,candidate_y_crop,candidate_x_full,candidate_y_full,bbox_x,bbox_y,bbox_w,bbox_h,area_px,max_luma,mean_luma,local_median_luma,contrast_vs_local_median,threshold,distance_from_reticle_center,candidate_count,overlay_relation,nearest_overlay_px,reticle_relation,note
DOD_111689123.mp4,DOW-UAP-PR45,0.0,0,initial lock / small contrast,none,,,,,,,,,,,,,,,,,no candidate,,no candidate,no low-saturation central contrast component survived overlay suppression
DOD_111689123.mp4,DOW-UAP-PR45,0.2,6,initial lock / small contrast,none,,,,,,,,,,,,,,,,,no candidate,,no candidate,no low-saturation central contrast component survived overlay suppression
DOD_111689123.mp4,DOW-UAP-PR45,0.4,12,initial lock / small contrast,none,,,,,,,,,,,,,,,,,no candidate,,no candidate,no low-saturation central contrast component survived overlay suppression
DOD_111689123.mp4,DOW-UAP-PR45,0.6,18,initial lock / small contrast,none,,,,,,,,,,,,,,,,,no candidate,,no candidate,no low-saturation central contrast component survived overlay suppression
DOD_111689123.mp4,DOW-UAP-PR45,0.8,24,initial lock / small contrast,none,,,,,,,,,,,,,,,,,no candidate,,no candidate,no low-saturation central contrast component survived overlay suppression
DOD_111689123.mp4,DOW-UAP-PR45,1.0,30,initial lock / small contrast,none,,,,,,,,,,,,,,,,,no candidate,,no candidate,no low-saturation central contrast component survived overlay suppression
DOD_111689123.mp4,DOW-UAP-PR45,1.2,36,initial lock / small contrast,none,,,,,,,,,,,,,,,,,no candidate,,no candidate,no low-saturation central contrast component survived overlay suppression
DOD_111689123.mp4,DOW-UAP-PR45,1.4,42,initial lock / small contrast,none,,,,,,,,,,,,,,,,,no candidate,,no candidate,no low-saturation central contrast component survived overlay suppression
DOD_111689123.mp4,DOW-UAP-PR45,1.6,48,initial lock / small contrast,none,,,,,,,,,,,,,,,,,no candidate,,no candidate,no low-saturation central contrast component survived overlay suppression
DOD_111689123.mp4,DOW-UAP-PR45,1.8,54,initial lock / small contrast,none,,,,,,,,,,,,,,,,,no candidate,,no candidate,no low-saturation central contrast component survived overlay suppression
DOD_111689123.mp4,DOW-UAP-PR45,2.0,60,initial lock / small contrast,none,,,,,,,,,,,,,,,,,no candidate,,no candidate,no low-saturation central contrast component survived overlay suppression
DOD_111689123.mp4,DOW-UAP-PR45,2.2,66,initial lock / small contrast,none,,,,,,,,,,,,,,,,,no candidate,,no candidate,no low-saturation central contrast component survived overlay suppression
DOD_111689123.mp4,DOW-UAP-PR45,2.4,72,initial lock / small contrast,none,,,,,,,,,,,,,,,,,no candidate,,no candidate,no low-saturation central contrast component survived overlay suppression
DOD_111689123.mp4,DOW-UAP-PR45,2.6,78,initial lock / small contrast,none,,,,,,,,,,,,,,,,,no candidate,,no candidate,no low-saturation central contrast component survived overlay suppression
DOD_111689123.mp4,DOW-UAP-PR45,2.8,84,initial lock / small contrast,low,448.385,281.269,928.385,551.269,447,276,3,12,26,198,117.577,95.0,22.577,151,33.564,3,near colored overlay,5.298,overlaps reticle line,weak central candidate; likely mixed with reticle graphics or background texture
DOD_111689123.mp4,DOW-UAP-PR45,3.0,90,initial lock / small contrast,low,490.272,285.076,970.272,555.076,487,271,7,29,92,210,98.152,95.0,3.152,151,18.243,3,near colored overlay,13.039,overlaps central reticle box,weak central candidate; likely mixed with reticle graphics or background texture
DOD_111689123.mp4,DOW-UAP-PR45,3.2,96,initial lock / small contrast,low,488.043,261.652,968.043,531.652,487,258,3,8,23,195,108.565,95.0,13.565,153,11.592,5,near colored overlay,6.959,overlaps central reticle box,weak central candidate; likely mixed with reticle graphics or background texture
DOD_111689123.mp4,DOW-UAP-PR45,3.4,102,initial lock / small contrast,low,488.043,261.652,968.043,531.652,487,258,3,8,23,195,108.391,95.0,13.391,153,11.592,5,near colored overlay,6.959,overlaps central reticle box,weak central candidate; likely mixed with reticle graphics or background texture
DOD_111689123.mp4,DOW-UAP-PR45,3.6,108,initial lock / small contrast,medium,484.405,280.378,964.405,550.378,480,279,10,4,37,191,136.946,93.0,43.946,150,11.275,3,near colored overlay,14.951,overlaps central reticle box,"compact central contrast component, but reticle/overlay may contribute"
DOD_111689123.mp4,DOW-UAP-PR45,3.8,114,initial lock / small contrast,medium,486.176,281.51,966.176,551.51,482,279,10,7,51,237,154.725,96.0,58.725,151,13.062,3,near colored overlay,16.491,overlaps central reticle box,"compact central contrast component, but reticle/overlay may contribute"
DOD_111689123.mp4,DOW-UAP-PR45,4.0,120,initial lock / small contrast,medium,488.574,279.889,968.574,549.889,484,277,10,7,54,236,164.148,100.0,64.148,151,13.088,3,near colored overlay,14.284,overlaps central reticle box,"compact central contrast component, but reticle/overlay may contribute"
DOD_111689123.mp4,DOW-UAP-PR45,4.2,126,initial lock / small contrast,medium,489.806,279.71,969.806,549.71,485,276,11,8,62,231,161.323,103.0,58.323,151,13.8,4,near colored overlay,18.421,overlaps central reticle box,"compact central contrast component, but reticle/overlay may contribute"
DOD_111689123.mp4,DOW-UAP-PR45,4.4,132,initial lock / small contrast,medium,490.333,281.333,970.333,551.333,486,280,10,4,36,193,144.778,103.0,41.778,156,15.337,1,separate from colored overlay,39.99,overlaps central reticle box,"compact central contrast component, but reticle/overlay may contribute"
DOD_111689123.mp4,DOW-UAP-PR45,4.6,138,initial lock / small contrast,medium,488.533,282.489,968.533,552.489,484,280,10,6,45,191,159.556,104.0,55.556,158,15.126,2,separate from colored overlay,243.769,overlaps central reticle box,"compact central contrast component, but reticle/overlay may contribute"
DOD_111689123.mp4,DOW-UAP-PR45,4.8,144,initial lock / small contrast,medium,486.137,280.549,966.137,550.549,482,278,10,6,51,197,158.333,104.0,54.333,156,12.204,1,separate from colored overlay,245.495,overlaps central reticle box,"compact central contrast component, but reticle/overlay may contribute"
DOD_111689123.mp4,DOW-UAP-PR45,5.0,150,initial lock / small contrast,low,509.033,276.385,989.033,546.385,508,262,4,30,91,210,105.747,106.0,-0.253,150,29.727,2,near colored overlay,15.29,overlaps central reticle box,weak central candidate; likely mixed with reticle graphics or background texture
DOD_111689123.mp4,DOW-UAP-PR45,5.2,156,initial lock / small contrast,none,,,,,,,,,,,,,,,,,no candidate,,no candidate,no low-saturation central contrast component survived overlay suppression
DOD_111689123.mp4,DOW-UAP-PR45,5.4,162,initial lock / small contrast,none,,,,,,,,,,,,,,,,,no candidate,,no candidate,no low-saturation central contrast component survived overlay suppression
DOD_111689123.mp4,DOW-UAP-PR45,5.6,168,initial lock / small contrast,low,515.092,278.54,995.092,548.54,514,263,4,31,87,222,104.0,103.0,1.0,149,36.116,4,near colored overlay,11.46,overlaps reticle line,weak central candidate; likely mixed with reticle graphics or background texture
DOD_111689123.mp4,DOW-UAP-PR45,5.8,174,initial lock / small contrast,low,515.092,278.54,995.092,548.54,514,263,4,31,87,220,103.402,103.0,0.402,149,36.116,4,near colored overlay,11.46,overlaps reticle line,weak central candidate; likely mixed with reticle graphics or background texture
DOD_111689123.mp4,DOW-UAP-PR45,6.0,180,initial lock / small contrast,low,515.218,277.385,995.218,547.385,514,263,4,31,78,214,95.513,104.0,-8.487,150,35.984,4,near colored overlay,11.642,overlaps reticle line,weak central candidate; likely mixed with reticle graphics or background texture
DOD_111689123.mp4,DOW-UAP-PR45,6.2,186,initial lock / small contrast,low,488.151,268.019,968.151,538.019,487,259,4,19,53,208,100.434,106.0,-5.566,151,8.388,3,near colored overlay,11.02,overlaps central reticle box,weak central candidate; likely mixed with reticle graphics or background texture
DOD_111689123.mp4,DOW-UAP-PR45,6.4,192,initial lock / small contrast,low,448.789,278.711,928.789,548.711,447,272,4,14,38,207,101.474,106.0,-4.526,150,32.403,3,near colored overlay,5.584,overlaps reticle line,weak central candidate; likely mixed with reticle graphics or background texture
DOD_111689123.mp4,DOW-UAP-PR45,6.6,198,initial lock / small contrast,low,509.308,275.538,989.308,545.538,508,262,4,27,65,216,90.338,103.0,-12.662,152,29.826,2,intersects colored overlay,4.938,overlaps central reticle box,weak central candidate; likely mixed with reticle graphics or background texture
DOD_111689123.mp4,DOW-UAP-PR45,6.8,204,initial lock / small contrast,low,466.81,285.138,946.81,555.138,465,275,4,21,58,206,100.741,103.0,-2.259,152,20.078,2,near colored overlay,8.864,overlaps central reticle box,weak central candidate; likely mixed with reticle graphics or background texture
DOD_111689123.mp4,DOW-UAP-PR45,7.0,210,initial lock / small contrast,medium,486.037,268.944,966.037,538.944,482,266,9,7,54,180,153.13,103.0,50.13,152,6.129,4,near colored overlay,13.983,overlaps central reticle box,"compact central contrast component, but reticle/overlay may contribute"
DOD_111689123.mp4,DOW-UAP-PR45,7.2,216,initial lock / small contrast,medium,482.602,272.518,962.602,542.518,477,269,13,8,83,214,164.771,103.0,61.771,156,3.621,3,near colored overlay,17.523,overlaps central reticle box,"compact central contrast component, but reticle/overlay may contribute"
DOD_111689123.mp4,DOW-UAP-PR45,7.4,222,initial lock / small contrast,medium,483.625,276.172,963.625,546.172,479,273,10,8,64,222,164.781,103.0,61.781,153,7.158,3,near colored overlay,21.175,overlaps central reticle box,"compact central contrast component, but reticle/overlay may contribute"
DOD_111689123.mp4,DOW-UAP-PR45,7.6,228,initial lock / small contrast,low,463.667,275.769,943.667,545.769,462,267,4,18,39,206,111.051,106.0,5.051,154,17.322,6,near colored overlay,14.773,overlaps central reticle box,weak central candidate; likely mixed with reticle graphics or background texture
DOD_111689123.mp4,DOW-UAP-PR45,7.8,234,initial lock / small contrast,low,488.154,261.731,968.154,531.731,487,258,4,8,26,201,110.192,103.0,7.192,156,11.613,5,near colored overlay,6.902,overlaps central reticle box,weak central candidate; likely mixed with reticle graphics or background texture
DOD_111689123.mp4,DOW-UAP-PR45,8.0,240,initial lock / small contrast,low,506.017,278.627,986.017,548.627,505,268,3,22,59,206,108.322,100.0,8.322,156,27.41,5,near colored overlay,16.496,overlaps central reticle box,weak central candidate; likely mixed with reticle graphics or background texture
DOD_111689123.mp4,DOW-UAP-PR45,8.2,246,initial lock / small contrast,low,463.782,274.327,943.782,544.327,462,265,4,21,55,206,101.436,97.0,4.436,156,16.786,4,near colored overlay,12.329,overlaps central reticle box,weak central candidate; likely mixed with reticle graphics or background texture
DOD_111689123.mp4,DOW-UAP-PR45,8.4,252,initial lock / small contrast,medium,463.654,274.673,943.654,544.673,462,265,4,21,52,212,109.596,97.0,12.596,156,17.001,4,near colored overlay,12.678,overlaps central reticle box,"compact central contrast component, but reticle/overlay may contribute"
DOD_111689123.mp4,DOW-UAP-PR45,8.6,258,initial lock / small contrast,low,463.855,274.871,943.855,544.871,462,263,5,25,62,208,108.468,99.0,9.468,156,16.864,2,separate from colored overlay,247.489,overlaps central reticle box,weak central candidate; likely mixed with reticle graphics or background texture
DOD_111689123.mp4,DOW-UAP-PR45,8.8,264,initial lock / small contrast,low,463.855,274.871,943.855,544.871,462,263,5,25,62,208,108.258,99.0,9.258,156,16.864,2,separate from colored overlay,247.489,overlaps central reticle box,weak central candidate; likely mixed with reticle graphics or background texture
DOD_111689123.mp4,DOW-UAP-PR45,9.0,270,initial lock / small contrast,low,463.974,279.436,943.974,549.436,462,273,5,14,39,218,109.205,100.0,9.205,156,18.597,4,near colored overlay,9.894,overlaps central reticle box,weak central candidate; likely mixed with reticle graphics or background texture
DOD_111689123.mp4,DOW-UAP-PR45,9.2,276,initial lock / small contrast,low,463.974,279.436,943.974,549.436,462,273,5,14,39,218,109.205,100.0,9.205,156,18.597,4,near colored overlay,9.894,overlaps central reticle box,weak central candidate; likely mixed with reticle graphics or background texture
DOD_111689123.mp4,DOW-UAP-PR45,9.4,282,initial lock / small contrast,low,463.839,277.903,943.839,547.903,462,273,4,11,31,217,119.677,100.0,19.677,156,17.99,3,near colored overlay,8.398,overlaps central reticle box,weak central candidate; likely mixed with reticle graphics or background texture
DOD_111689123.mp4,DOW-UAP-PR45,9.6,288,initial lock / small contrast,low,463.942,274.609,943.942,544.609,462,262,5,25,69,208,103.565,100.0,3.565,156,16.706,3,separate from colored overlay,243.152,overlaps central reticle box,weak central candidate; likely mixed with reticle graphics or background texture
DOD_111689123.mp4,DOW-UAP-PR45,9.8,294,initial lock / small contrast,low,466.851,274.851,946.851,544.851,465,262,5,25,67,207,106.955,100.0,6.955,156,14.015,3,separate from colored overlay,243.664,overlaps central reticle box,weak central candidate; likely mixed with reticle graphics or background texture
DOD_111689123.mp4,DOW-UAP-PR45,10.0,300,initial lock / small contrast,low,466.884,274.754,946.884,544.754,465,262,5,25,69,207,103.145,100.0,3.145,156,13.951,3,separate from colored overlay,243.25,overlaps central reticle box,weak central candidate; likely mixed with reticle graphics or background texture
DOD_111689123.mp4,DOW-UAP-PR45,10.2,306,initial lock / small contrast,low,488.154,261.231,968.154,531.231,487,259,3,5,13,222,118.154,99.0,19.154,155,11.974,4,near colored overlay,5.718,overlaps central reticle box,weak central candidate; likely mixed with reticle graphics or background texture
DOD_111689123.mp4,DOW-UAP-PR45,10.4,312,initial lock / small contrast,low,488.154,261.231,968.154,531.231,487,259,3,5,13,222,118.154,99.0,19.154,155,11.974,4,near colored overlay,5.718,overlaps central reticle box,weak central candidate; likely mixed with reticle graphics or background texture
DOD_111689123.mp4,DOW-UAP-PR45,10.6,318,initial lock / small contrast,low,467.039,274.355,947.039,544.355,465,263,5,25,76,206,96.711,97.0,-0.289,153,13.673,2,separate from colored overlay,244.499,overlaps central reticle box,weak central candidate; likely mixed with reticle graphics or background texture
DOD_111689123.mp4,DOW-UAP-PR45,10.8,324,initial lock / small contrast,low,467.045,276.94,947.045,546.94,465,265,4,24,67,208,95.776,97.0,-1.224,153,14.697,2,separate from colored overlay,242.608,overlaps central reticle box,weak central candidate; likely mixed with reticle graphics or background texture
DOD_111689123.mp4,DOW-UAP-PR45,11.0,330,initial lock / small contrast,low,509.152,278.682,989.152,548.682,508,267,4,25,66,226,102.0,99.0,3.0,152,30.417,4,near colored overlay,15.678,overlaps central reticle box,weak central candidate; likely mixed with reticle graphics or background texture
DOD_111689123.mp4,DOW-UAP-PR45,11.2,336,initial lock / small contrast,low,466.947,278.658,946.947,548.658,465,267,4,25,76,216,101.526,100.0,1.526,152,15.663,4,near colored overlay,17.786,overlaps central reticle box,weak central candidate; likely mixed with reticle graphics or background texture
DOD_111689123.mp4,DOW-UAP-PR45,11.4,342,initial lock / small contrast,low,466.947,278.658,946.947,548.658,465,267,4,25,76,216,101.526,99.0,2.526,152,15.663,4,near colored overlay,17.786,overlaps central reticle box,weak central candidate; likely mixed with reticle graphics or background texture
DOD_111689123.mp4,DOW-UAP-PR45,11.6,348,initial lock / small contrast,low,463.91,279.134,943.91,549.134,462,268,4,24,67,221,101.299,99.0,2.299,152,18.502,4,near colored overlay,10.338,overlaps central reticle box,weak central candidate; likely mixed with reticle graphics or background texture
DOD_111689123.mp4,DOW-UAP-PR45,11.8,354,initial lock / small contrast,low,463.972,278.873,943.972,548.873,462,268,4,24,71,220,97.493,99.0,-1.507,151,18.32,4,near colored overlay,15.923,overlaps central reticle box,weak central candidate; likely mixed with reticle graphics or background texture
DOD_111689123.mp4,DOW-UAP-PR45,12.0,360,initial lock / small contrast,low,463.938,276.908,943.938,546.908,462,265,4,24,65,222,100.754,99.0,1.754,153,17.484,4,near colored overlay,17.042,overlaps central reticle box,weak central candidate; likely mixed with reticle graphics or background texture
DOD_111689123.mp4,DOW-UAP-PR45,12.2,366,initial lock / small contrast,low,463.932,278.324,943.932,548.324,462,267,4,24,74,219,101.081,99.0,2.081,151,18.096,4,near colored overlay,16.79,overlaps central reticle box,weak central candidate; likely mixed with reticle graphics or background texture
DOD_111689123.mp4,DOW-UAP-PR45,12.4,372,initial lock / small contrast,low,506.136,279.237,986.136,549.237,505,269,4,21,59,221,102.831,97.0,5.831,153,27.72,4,near colored overlay,6.764,overlaps central reticle box,weak central candidate; likely mixed with reticle graphics or background texture
DOD_111689123.mp4,DOW-UAP-PR45,12.6,378,initial lock / small contrast,low,488.038,261.154,968.038,531.154,487,257,3,9,26,207,105.077,97.0,8.077,153,11.953,4,near colored overlay,7.439,overlaps central reticle box,weak central candidate; likely mixed with reticle graphics or background texture
DOD_111689123.mp4,DOW-UAP-PR45,12.8,384,initial lock / small contrast,low,488.138,261.241,968.138,531.241,487,257,4,9,29,206,106.793,97.0,9.793,153,11.956,3,near colored overlay,8.243,overlaps central reticle box,weak central candidate; likely mixed with reticle graphics or background texture
DOD_111689123.mp4,DOW-UAP-PR45,13.0,390,initial lock / small contrast,low,487.864,260.364,967.864,530.364,486,257,4,7,22,227,113.136,99.0,14.136,153,12.438,4,near colored overlay,6.631,overlaps central reticle box,weak central candidate; likely mixed with reticle graphics or background texture
DOD_111689123.mp4,DOW-UAP-PR45,13.2,396,initial lock / small contrast,low,487.864,260.364,967.864,530.364,486,257,4,7,22,227,113.091,99.0,14.091,153,12.438,4,near colored overlay,6.631,overlaps central reticle box,weak central candidate; likely mixed with reticle graphics or background texture
DOD_111689123.mp4,DOW-UAP-PR45,13.4,402,initial lock / small contrast,low,488.179,261.393,968.179,531.393,487,257,4,9,28,187,107.5,99.0,8.5,152,11.873,2,near colored overlay,7.707,overlaps central reticle box,weak central candidate; likely mixed with reticle graphics or background texture
DOD_111689123.mp4,DOW-UAP-PR45,13.6,408,initial lock / small contrast,medium,460.761,278.783,940.761,548.783,459,270,4,19,46,195,114.304,100.0,14.304,153,21.149,4,near colored overlay,14.87,overlaps central reticle box,"compact central contrast component, but reticle/overlay may contribute"
DOD_111689123.mp4,DOW-UAP-PR45,13.8,414,initial lock / small contrast,low,488.2,260.52,968.2,530.52,487,257,4,8,25,239,111.32,100.0,11.32,153,12.534,5,near colored overlay,7.523,overlaps central reticle box,weak central candidate; likely mixed with reticle graphics or background texture
DOD_111689123.mp4,DOW-UAP-PR45,14.0,420,initial lock / small contrast,low,488.037,260.926,968.037,530.926,486,257,5,8,27,229,110.778,100.0,10.778,152,12.122,4,near colored overlay,7.219,overlaps central reticle box,weak central candidate; likely mixed with reticle graphics or background texture
DOD_111689123.mp4,DOW-UAP-PR45,14.2,426,initial lock / small contrast,low,460.879,273.47,940.879,543.47,459,262,4,24,66,212,103.924,101.0,2.924,156,19.433,2,near colored overlay,15.909,overlaps central reticle box,weak central candidate; likely mixed with reticle graphics or background texture
DOD_111689123.mp4,DOW-UAP-PR45,14.4,432,initial lock / small contrast,low,460.852,274.508,940.852,544.508,459,264,4,22,61,215,106.344,101.0,5.344,155,19.671,4,near colored overlay,13.81,overlaps central reticle box,weak central candidate; likely mixed with reticle graphics or background texture
DOD_111689123.mp4,DOW-UAP-PR45,14.6,438,initial lock / small contrast,low,488.05,259.85,968.05,529.85,487,257,3,7,20,201,109.95,102.0,7.95,153,12.955,4,near colored overlay,6.85,overlaps central reticle box,weak central candidate; likely mixed with reticle graphics or background texture
DOD_111689123.mp4,DOW-UAP-PR45,14.8,444,initial lock / small contrast,low,488.05,259.85,968.05,529.85,487,257,3,7,20,208,113.8,102.0,11.8,154,12.955,4,near colored overlay,6.85,overlaps central reticle box,weak central candidate; likely mixed with reticle graphics or background texture
DOD_111689123.mp4,DOW-UAP-PR45,15.0,450,initial lock / small contrast,low,488.125,261.75,968.125,531.75,487,257,4,10,32,202,109.219,102.0,7.219,153,11.579,4,near colored overlay,7.783,overlaps central reticle box,weak central candidate; likely mixed with reticle graphics or background texture
DOD_111689123.mp4,DOW-UAP-PR45,15.2,456,initial lock / small contrast,low,488.0,260.0,968.0,530.0,487,257,3,7,21,224,118.333,102.0,16.333,155,12.806,7,near colored overlay,6.403,overlaps central reticle box,weak central candidate; likely mixed with reticle graphics or background texture
DOD_111689123.mp4,DOW-UAP-PR45,15.4,462,initial lock / small contrast,low,488.125,261.375,968.125,531.375,487,257,3,9,24,203,100.042,102.0,-1.958,155,11.849,4,near colored overlay,8.376,overlaps central reticle box,weak central candidate; likely mixed with reticle graphics or background texture
DOD_111689123.mp4,DOW-UAP-PR45,15.6,468,initial lock / small contrast,low,487.947,262.5,967.947,532.5,486,257,5,11,38,200,108.026,102.0,6.026,151,10.928,4,near colored overlay,9.5,overlaps central reticle box,weak central candidate; likely mixed with reticle graphics or background texture
DOD_111689123.mp4,DOW-UAP-PR45,15.8,474,initial lock / small contrast,low,488.0,261.5,968.0,531.5,487,258,3,8,24,192,105.625,102.0,3.625,156,11.673,5,near colored overlay,7.5,overlaps central reticle box,weak central candidate; likely mixed with reticle graphics or background texture
DOD_111689123.mp4,DOW-UAP-PR45,16.0,480,initial lock / small contrast,low,503.068,283.122,983.068,553.122,502,272,4,24,74,206,109.581,103.0,6.581,150,26.538,4,near colored overlay,11.267,overlaps central reticle box,weak central candidate; likely mixed with reticle graphics or background texture
DOD_111689123.mp4,DOW-UAP-PR45,16.2,486,initial lock / small contrast,low,488.059,260.647,968.059,530.647,487,258,3,6,17,221,107.941,103.0,4.941,157,12.346,5,near colored overlay,6.011,overlaps central reticle box,weak central candidate; likely mixed with reticle graphics or background texture
DOD_111689123.mp4,DOW-UAP-PR45,16.4,492,initial lock / small contrast,low,460.5,280.0,940.5,550.0,460,278,2,5,10,159,119.6,103.0,16.6,157,21.915,3,separate from colored overlay,237.647,overlaps central reticle box,weak central candidate; likely mixed with reticle graphics or background texture
DOD_111689123.mp4,DOW-UAP-PR45,16.6,498,initial lock / small contrast,low,463.412,275.676,943.412,545.676,462,268,3,16,34,203,117.559,104.0,13.559,157,17.533,4,separate from colored overlay,242.368,overlaps central reticle box,weak central candidate; likely mixed with reticle graphics or background texture
DOD_111689123.mp4,DOW-UAP-PR45,16.8,504,initial lock / small contrast,low,506.283,278.34,986.283,548.34,504,267,5,22,53,192,95.17,106.0,-10.83,157,27.574,2,separate from colored overlay,247.091,overlaps central reticle box,weak central candidate; likely mixed with reticle graphics or background texture
DOD_111689123.mp4,DOW-UAP-PR45,17.0,510,initial lock / small contrast,low,504.5,263.5,984.5,533.5,504,263,2,2,4,189,162.25,108.0,54.25,157,25.348,3,separate from colored overlay,260.781,overlaps central reticle box,candidate is present but too confounded by tracking graphics for independent use
DOD_111689123.mp4,DOW-UAP-PR45,17.2,516,initial lock / small contrast,low,482.615,281.615,962.615,551.615,481,280,4,4,13,175,142.923,114.0,28.923,157,11.906,6,near colored overlay,16.464,overlaps central reticle box,weak central candidate; likely mixed with reticle graphics or background texture
DOD_111689123.mp4,DOW-UAP-PR45,17.4,522,initial lock / small contrast,low,509.169,277.458,989.169,547.458,508,268,4,21,59,220,105.966,118.0,-12.034,156,30.108,4,near colored overlay,15.99,overlaps central reticle box,weak central candidate; likely mixed with reticle graphics or background texture
DOD_111689123.mp4,DOW-UAP-PR45,17.6,528,initial lock / small contrast,low,460.96,276.893,940.96,546.893,459,265,4,25,75,215,104.213,120.0,-15.787,156,20.249,4,near colored overlay,12.144,overlaps central reticle box,weak central candidate; likely mixed with reticle graphics or background texture
DOD_111689123.mp4,DOW-UAP-PR45,17.8,534,initial lock / small contrast,low,460.96,276.893,940.96,546.893,459,265,4,25,75,214,104.453,120.0,-15.547,156,20.249,4,near colored overlay,12.144,overlaps central reticle box,weak central candidate; likely mixed with reticle graphics or background texture
DOD_111689123.mp4,DOW-UAP-PR45,18.0,540,contrast-transition interval,low,460.973,277.04,940.973,547.04,459,265,4,25,75,208,103.653,121.0,-17.347,156,20.287,4,near colored overlay,10.164,overlaps central reticle box,weak central candidate; likely mixed with reticle graphics or background texture
DOD_111689123.mp4,DOW-UAP-PR45,18.2,546,contrast-transition interval,low,460.815,277.154,940.815,547.154,459,265,4,25,65,196,112.846,122.0,-9.154,156,20.475,4,near colored overlay,11.959,overlaps central reticle box,weak central candidate; likely mixed with reticle graphics or background texture
DOD_111689123.mp4,DOW-UAP-PR45,18.4,552,contrast-transition interval,low,460.884,276.652,940.884,546.652,459,265,4,25,69,193,109.348,122.0,-12.652,156,20.24,5,near colored overlay,14.081,overlaps central reticle box,weak central candidate; likely mixed with reticle graphics or background texture
DOD_111689123.mp4,DOW-UAP-PR45,18.6,558,contrast-transition interval,low,498.5,282.0,978.5,552.0,497,281,4,3,12,166,147.417,123.0,24.417,157,22.051,8,near colored overlay,16.621,overlaps central reticle box,weak central candidate; likely mixed with reticle graphics or background texture
DOD_111689123.mp4,DOW-UAP-PR45,18.8,564,contrast-transition interval,low,460.97,281.939,940.97,551.939,459,277,4,12,33,209,113.727,122.0,-8.273,156,22.466,7,near colored overlay,12.821,overlaps central reticle box,weak central candidate; likely mixed with reticle graphics or background texture
DOD_111689123.mp4,DOW-UAP-PR45,19.0,570,contrast-transition interval,low,504.5,263.5,984.5,533.5,504,263,2,2,4,196,169.0,118.0,51.0,154,25.348,6,near colored overlay,5.701,overlaps central reticle box,candidate is present but too confounded by tracking graphics for independent use
DOD_111689123.mp4,DOW-UAP-PR45,19.2,576,contrast-transition interval,low,504.5,263.5,984.5,533.5,504,263,2,2,4,196,169.0,117.0,52.0,154,25.348,6,near colored overlay,6.042,overlaps central reticle box,candidate is present but too confounded by tracking graphics for independent use
DOD_111689123.mp4,DOW-UAP-PR45,19.4,582,contrast-transition interval,low,504.5,263.5,984.5,533.5,504,263,2,2,4,196,169.0,117.0,52.0,154,25.348,6,near colored overlay,6.042,overlaps central reticle box,candidate is present but too confounded by tracking graphics for independent use
DOD_111689123.mp4,DOW-UAP-PR45,19.6,588,contrast-transition interval,low,488.0,260.0,968.0,530.0,487,257,3,7,21,220,117.238,118.0,-0.762,155,12.806,5,near colored overlay,5.657,overlaps central reticle box,weak central candidate; likely mixed with reticle graphics or background texture
DOD_111689123.mp4,DOW-UAP-PR45,19.8,594,contrast-transition interval,low,457.859,277.109,937.859,547.109,456,266,4,23,64,214,107.984,117.0,-9.016,155,23.254,6,near colored overlay,10.86,overlaps central reticle box,weak central candidate; likely mixed with reticle graphics or background texture
DOD_111689123.mp4,DOW-UAP-PR45,20.0,600,contrast-transition interval,low,457.852,277.656,937.852,547.656,456,267,4,22,61,211,109.525,116.0,-6.475,155,23.433,6,near colored overlay,10.872,overlaps central reticle box,weak central candidate; likely mixed with reticle graphics or background texture
DOD_111689123.mp4,DOW-UAP-PR45,20.2,606,contrast-transition interval,low,457.623,278.774,937.623,548.774,456,267,4,23,53,205,119.623,114.0,5.623,156,24.036,4,near colored overlay,10.625,overlaps central reticle box,weak central candidate; likely mixed with reticle graphics or background texture
DOD_111689123.mp4,DOW-UAP-PR45,20.4,612,contrast-transition interval,low,457.649,277.211,937.649,547.211,456,265,4,25,57,203,117.316,114.0,3.316,157,23.485,2,near colored overlay,14.651,overlaps central reticle box,weak central candidate; likely mixed with reticle graphics or background texture
DOD_111689123.mp4,DOW-UAP-PR45,20.6,618,contrast-transition interval,none,,,,,,,,,,,,,,,,,no candidate,,no candidate,no low-saturation central contrast component survived overlay suppression
DOD_111689123.mp4,DOW-UAP-PR45,20.8,624,contrast-transition interval,none,,,,,,,,,,,,,,,,,no candidate,,no candidate,no low-saturation central contrast component survived overlay suppression
DOD_111689123.mp4,DOW-UAP-PR45,21.0,630,contrast-transition interval,low,464.0,276.514,944.0,546.514,462,265,4,25,72,221,107.0,97.0,10.0,158,17.275,4,near colored overlay,12.189,overlaps central reticle box,weak central candidate; likely mixed with reticle graphics or background texture
DOD_111689123.mp4,DOW-UAP-PR45,21.2,636,contrast-transition interval,low,463.884,276.391,943.884,546.391,462,265,4,25,69,206,99.478,102.0,-2.522,155,17.337,3,near colored overlay,5.506,overlaps central reticle box,weak central candidate; likely mixed with reticle graphics or background texture
DOD_111689123.mp4,DOW-UAP-PR45,21.4,642,contrast-transition interval,low,460.885,283.231,940.885,553.231,460,278,3,11,26,175,125.154,97.0,28.154,153,23.248,2,intersects colored overlay,3.418,overlaps central reticle box,weak central candidate; likely mixed with reticle graphics or background texture
DOD_111689123.mp4,DOW-UAP-PR45,21.6,648,contrast-transition interval,low,464.0,278.9,944.0,548.9,462,268,4,24,70,206,99.029,96.0,3.029,157,18.309,2,near colored overlay,6.42,overlaps central reticle box,weak central candidate; likely mixed with reticle graphics or background texture
DOD_111689123.mp4,DOW-UAP-PR45,21.8,654,contrast-transition interval,none,,,,,,,,,,,,,,,,,no candidate,,no candidate,no low-saturation central contrast component survived overlay suppression
DOD_111689123.mp4,DOW-UAP-PR45,22.0,660,contrast-transition interval,none,,,,,,,,,,,,,,,,,no candidate,,no candidate,no low-saturation central contrast component survived overlay suppression
DOD_111689123.mp4,DOW-UAP-PR45,22.2,666,contrast-transition interval,none,,,,,,,,,,,,,,,,,no candidate,,no candidate,no low-saturation central contrast component survived overlay suppression
DOD_111689123.mp4,DOW-UAP-PR45,22.4,672,contrast-transition interval,low,497.381,277.595,977.381,547.595,496,269,4,18,42,178,95.738,109.0,-13.262,157,18.968,4,separate from colored overlay,257.622,overlaps central reticle box,weak central candidate; likely mixed with reticle graphics or background texture
DOD_111689123.mp4,DOW-UAP-PR45,22.6,678,contrast-transition interval,low,465.062,279.312,945.062,549.312,463,278,5,4,16,173,124.188,110.0,14.188,155,17.603,5,separate from colored overlay,239.346,overlaps central reticle box,weak central candidate; likely mixed with reticle graphics or background texture
DOD_111689123.mp4,DOW-UAP-PR45,22.8,684,contrast-transition interval,low,497.125,273.708,977.125,543.708,496,266,4,16,48,202,105.75,109.0,-3.25,155,17.522,4,separate from colored overlay,256.388,overlaps central reticle box,weak central candidate; likely mixed with reticle graphics or background texture
DOD_111689123.mp4,DOW-UAP-PR45,23.0,690,contrast-transition interval,medium,454.581,278.279,934.581,548.279,453,269,4,19,43,220,120.372,107.0,13.372,155,26.733,5,near colored overlay,8.112,overlaps central reticle box,"compact central contrast component, but reticle/overlay may contribute"
DOD_111689123.mp4,DOW-UAP-PR45,23.2,696,contrast-transition interval,low,488.5,261.0,968.5,531.0,487,258,4,6,16,214,104.062,107.0,-2.938,155,12.379,7,near colored overlay,6.5,overlaps central reticle box,weak central candidate; likely mixed with reticle graphics or background texture
DOD_111689123.mp4,DOW-UAP-PR45,23.4,702,contrast-transition interval,low,488.05,260.15,968.05,530.15,487,257,3,7,20,231,116.05,107.0,9.05,153,12.721,4,near colored overlay,6.483,overlaps central reticle box,weak central candidate; likely mixed with reticle graphics or background texture
DOD_111689123.mp4,DOW-UAP-PR45,23.6,708,contrast-transition interval,low,488.179,261.393,968.179,531.393,487,257,4,9,28,196,113.393,108.0,5.393,155,11.873,5,near colored overlay,7.707,overlaps central reticle box,weak central candidate; likely mixed with reticle graphics or background texture
DOD_111689123.mp4,DOW-UAP-PR45,23.8,714,contrast-transition interval,low,488.038,261.154,968.038,531.154,487,257,3,9,26,207,105.885,109.0,-3.115,155,11.953,6,near colored overlay,6.5,overlaps central reticle box,weak central candidate; likely mixed with reticle graphics or background texture
DOD_111689123.mp4,DOW-UAP-PR45,24.0,720,contrast-transition interval,low,506.149,276.269,986.149,546.269,505,265,4,25,67,214,109.582,110.0,-0.418,153,26.89,4,near colored overlay,17.648,overlaps central reticle box,weak central candidate; likely mixed with reticle graphics or background texture
DOD_111689123.mp4,DOW-UAP-PR45,24.2,726,contrast-transition interval,low,480.0,281.0,960.0,551.0,479,280,3,3,9,157,129.556,111.0,18.556,153,11.0,6,near colored overlay,16.0,overlaps central reticle box,weak central candidate; likely mixed with reticle graphics or background texture
DOD_111689123.mp4,DOW-UAP-PR45,24.4,732,contrast-transition interval,low,457.623,278.774,937.623,548.774,456,267,4,23,53,202,115.717,110.0,5.717,155,24.036,3,near colored overlay,12.682,overlaps central reticle box,weak central candidate; likely mixed with reticle graphics or background texture
DOD_111689123.mp4,DOW-UAP-PR45,24.6,738,contrast-transition interval,low,488.059,260.353,968.059,530.353,487,258,3,6,17,229,122.529,111.0,11.529,156,12.57,7,near colored overlay,6.353,overlaps central reticle box,weak central candidate; likely mixed with reticle graphics or background texture
DOD_111689123.mp4,DOW-UAP-PR45,24.8,744,contrast-transition interval,low,488.0,261.5,968.0,531.5,487,258,3,8,24,203,108.375,111.0,-2.625,156,11.673,7,near colored overlay,7.5,overlaps central reticle box,weak central candidate; likely mixed with reticle graphics or background texture
DOD_111689123.mp4,DOW-UAP-PR45,25.0,750,contrast-transition interval,low,457.839,276.903,937.839,546.903,456,265,4,24,62,206,106.484,109.0,-2.516,156,23.212,6,near colored overlay,11.04,overlaps central reticle box,weak central candidate; likely mixed with reticle graphics or background texture
DOD_111689123.mp4,DOW-UAP-PR45,25.2,756,contrast-transition interval,low,484.5,281.5,964.5,551.5,483,280,4,4,14,188,134.214,109.0,25.214,155,12.349,9,near colored overlay,16.867,overlaps central reticle box,weak central candidate; likely mixed with reticle graphics or background texture
DOD_111689123.mp4,DOW-UAP-PR45,25.4,762,contrast-transition interval,low,488.105,262.263,968.105,532.263,487,259,3,7,19,199,110.895,106.0,4.895,155,11.205,6,near colored overlay,7.264,overlaps central reticle box,weak central candidate; likely mixed with reticle graphics or background texture
DOD_111689123.mp4,DOW-UAP-PR45,25.6,768,contrast-transition interval,low,460.92,283.12,940.92,553.12,460,278,3,11,25,178,119.08,103.0,16.08,155,23.156,6,near colored overlay,11.565,overlaps central reticle box,weak central candidate; likely mixed with reticle graphics or background texture
DOD_111689123.mp4,DOW-UAP-PR45,25.8,774,contrast-transition interval,low,481.615,281.385,961.615,551.385,480,280,4,4,13,163,123.846,103.0,20.846,153,11.499,7,near colored overlay,12.63,overlaps central reticle box,weak central candidate; likely mixed with reticle graphics or background texture
DOD_111689123.mp4,DOW-UAP-PR45,26.0,780,contrast-transition interval,low,454.676,283.595,934.676,553.595,453,277,4,15,37,207,114.27,106.0,8.27,155,28.743,6,near colored overlay,8.558,overlaps central reticle box,weak central candidate; likely mixed with reticle graphics or background texture
DOD_111689123.mp4,DOW-UAP-PR45,26.2,786,contrast-transition interval,low,488.059,260.647,968.059,530.647,487,258,3,6,17,230,119.647,106.0,13.647,156,12.346,5,near colored overlay,6.011,overlaps central reticle box,weak central candidate; likely mixed with reticle graphics or background texture
DOD_111689123.mp4,DOW-UAP-PR45,26.4,792,contrast-transition interval,low,488.059,260.647,968.059,530.647,487,258,3,6,17,230,118.529,104.0,14.529,156,12.346,8,near colored overlay,6.011,overlaps central reticle box,weak central candidate; likely mixed with reticle graphics or background texture
DOD_111689123.mp4,DOW-UAP-PR45,26.6,798,contrast-transition interval,low,488.059,260.647,968.059,530.647,487,258,3,6,17,224,123.0,106.0,17.0,156,12.346,6,near colored overlay,6.011,overlaps central reticle box,weak central candidate; likely mixed with reticle graphics or background texture
DOD_111689123.mp4,DOW-UAP-PR45,26.8,804,contrast-transition interval,medium,493.5,280.0,973.5,550.0,490,277,8,7,36,194,145.889,108.0,37.889,156,16.8,6,near colored overlay,18.007,overlaps central reticle box,"compact central contrast component, but reticle/overlay may contribute"
DOD_111689123.mp4,DOW-UAP-PR45,27.0,810,contrast-transition interval,low,484.0,281.333,964.0,551.333,482,280,5,4,18,191,143.778,113.0,30.778,156,12.019,7,near colored overlay,17.14,overlaps central reticle box,weak central candidate; likely mixed with reticle graphics or background texture
DOD_111689123.mp4,DOW-UAP-PR45,27.2,816,contrast-transition interval,low,483.5,281.5,963.5,551.5,481,280,6,4,20,199,136.7,121.0,15.7,157,12.021,8,near colored overlay,16.867,overlaps central reticle box,weak central candidate; likely mixed with reticle graphics or background texture
DOD_111689123.mp4,DOW-UAP-PR45,27.4,822,contrast-transition interval,low,483.0,281.5,963.0,551.5,480,280,7,4,24,202,138.042,123.0,15.042,156,11.885,9,near colored overlay,16.771,overlaps central reticle box,weak central candidate; likely mixed with reticle graphics or background texture
DOD_111689123.mp4,DOW-UAP-PR45,27.6,828,contrast-transition interval,low,482.913,281.348,962.913,551.348,480,280,7,4,23,202,134.174,124.0,10.174,155,11.716,6,near colored overlay,16.762,overlaps central reticle box,weak central candidate; likely mixed with reticle graphics or background texture
DOD_111689123.mp4,DOW-UAP-PR45,27.8,834,contrast-transition interval,low,482.913,281.348,962.913,551.348,480,280,7,4,23,208,131.652,125.0,6.652,155,11.716,6,near colored overlay,16.762,overlaps central reticle box,weak central candidate; likely mixed with reticle graphics or background texture
DOD_111689123.mp4,DOW-UAP-PR45,28.0,840,contrast-transition interval,low,488.059,260.647,968.059,530.647,487,258,3,6,17,240,131.765,127.0,4.765,156,12.346,7,near colored overlay,6.011,overlaps central reticle box,weak central candidate; likely mixed with reticle graphics or background texture
DOD_111689123.mp4,DOW-UAP-PR45,28.2,846,contrast-transition interval,medium,483.686,281.629,963.686,551.629,480,279,8,6,35,216,149.114,127.0,22.114,156,12.199,5,near colored overlay,16.59,overlaps central reticle box,"compact central contrast component, but reticle/overlay may contribute"
DOD_111689123.mp4,DOW-UAP-PR45,28.4,852,contrast-transition interval,low,482.412,281.559,962.412,551.559,479,279,8,6,34,216,151.382,127.0,24.382,156,11.808,6,near colored overlay,16.502,overlaps central reticle box,weak central candidate; likely mixed with reticle graphics or background texture
DOD_111689123.mp4,DOW-UAP-PR45,28.6,858,contrast-transition interval,low,480.618,281.324,960.618,551.324,477,279,8,6,34,215,153.412,127.0,26.412,156,11.34,8,near colored overlay,16.681,overlaps central reticle box,weak central candidate; likely mixed with reticle graphics or background texture
DOD_111689123.mp4,DOW-UAP-PR45,28.8,864,contrast-transition interval,medium,480.947,281.342,960.947,551.342,477,279,9,6,38,216,150.842,123.0,27.842,156,11.382,6,near colored overlay,16.658,overlaps central reticle box,"compact central contrast component, but reticle/overlay may contribute"
DOD_111689123.mp4,DOW-UAP-PR45,29.0,870,contrast-transition interval,low,482.0,280.897,962.0,550.897,479,279,7,5,29,209,151.483,121.0,30.483,156,11.079,6,near colored overlay,17.133,overlaps central reticle box,weak central candidate; likely mixed with reticle graphics or background texture
DOD_111689123.mp4,DOW-UAP-PR45,29.2,876,contrast-transition interval,medium,480.333,281.806,960.333,551.806,477,280,8,5,36,220,155.611,119.0,36.611,156,11.81,5,near colored overlay,16.198,overlaps central reticle box,"compact central contrast component, but reticle/overlay may contribute"
DOD_111689123.mp4,DOW-UAP-PR45,29.4,882,contrast-transition interval,medium,483.117,279.8,963.117,549.8,478,275,11,10,60,215,153.033,117.0,36.033,157,10.284,5,near colored overlay,18.323,overlaps central reticle box,"compact central contrast component, but reticle/overlay may contribute"
DOD_111689123.mp4,DOW-UAP-PR45,29.6,888,contrast-transition interval,medium,485.38,279.9,965.38,549.9,480,276,11,8,50,198,157.16,117.0,40.16,158,11.267,6,separate from colored overlay,244.345,overlaps central reticle box,"compact central contrast component, but reticle/overlay may contribute"
DOD_111689123.mp4,DOW-UAP-PR45,29.8,894,contrast-transition interval,medium,494.336,278.982,974.336,548.982,485,274,22,10,110,210,158.873,116.0,42.873,158,16.918,5,separate from colored overlay,252.531,overlaps central reticle box,"compact central contrast component, but reticle/overlay may contribute"
DOD_111689123.mp4,DOW-UAP-PR45,30.0,900,contrast-transition interval,medium,493.632,278.585,973.632,548.585,486,272,18,12,106,220,156.519,114.0,42.519,158,16.11,7,separate from colored overlay,250.226,overlaps central reticle box,"compact central contrast component, but reticle/overlay may contribute"
DOD_111689123.mp4,DOW-UAP-PR45,30.2,906,contrast-transition interval,medium,488.643,280.536,968.643,550.536,483,276,12,9,56,227,157.714,113.0,44.714,160,13.627,8,separate from colored overlay,240.237,overlaps central reticle box,"compact central contrast component, but reticle/overlay may contribute"
DOD_111689123.mp4,DOW-UAP-PR45,30.4,912,contrast-transition interval,medium,488.596,279.737,968.596,549.737,483,275,11,9,57,219,155.439,109.0,46.439,158,12.989,7,separate from colored overlay,242.947,overlaps central reticle box,"compact central contrast component, but reticle/overlay may contribute"
DOD_111689123.mp4,DOW-UAP-PR45,30.6,918,contrast-transition interval,low,485.382,281.794,965.382,551.794,482,280,8,5,34,228,152.735,106.0,46.735,157,12.964,7,near colored overlay,16.788,overlaps central reticle box,weak central candidate; likely mixed with reticle graphics or background texture
DOD_111689123.mp4,DOW-UAP-PR45,30.8,924,contrast-transition interval,medium,483.532,280.426,963.532,550.426,478,277,12,7,47,215,149.34,103.0,46.34,156,11.008,6,near colored overlay,17.581,overlaps central reticle box,"compact central contrast component, but reticle/overlay may contribute"
DOD_111689123.mp4,DOW-UAP-PR45,31.0,930,contrast-transition interval,high,477.316,278.777,957.316,548.777,466,268,24,19,206,251,177.427,120.0,57.427,157,9.178,5,near colored overlay,19.226,overlaps central reticle box,large or growing central contrast component; still reticle-confounded
DOD_111689123.mp4,DOW-UAP-PR45,31.2,936,contrast-transition interval,high,489.942,283.959,969.942,553.959,479,276,24,16,172,251,173.262,110.0,63.262,156,17.138,3,near colored overlay,15.181,overlaps central reticle box,large or growing central contrast component; still reticle-confounded
DOD_111689123.mp4,DOW-UAP-PR45,31.4,942,contrast-transition interval,high,491.005,284.77,971.005,554.77,479,276,26,16,191,254,175.88,109.0,66.88,156,18.419,4,near colored overlay,14.265,overlaps central reticle box,large or growing central contrast component; still reticle-confounded
DOD_111689123.mp4,DOW-UAP-PR45,31.6,948,contrast-transition interval,high,489.051,284.409,969.051,554.409,478,277,24,14,176,255,177.767,103.0,74.767,157,17.016,4,near colored overlay,13.907,overlaps central reticle box,large or growing central contrast component; still reticle-confounded
DOD_111689123.mp4,DOW-UAP-PR45,31.8,954,contrast-transition interval,medium,488.041,284.884,968.041,554.884,478,279,22,12,146,252,175.192,94.0,81.192,156,16.917,4,near colored overlay,13.701,overlaps central reticle box,"compact central contrast component, but reticle/overlay may contribute"
DOD_111689123.mp4,DOW-UAP-PR45,32.0,960,contrast-transition interval,medium,484.34,285.204,964.34,555.204,477,282,16,8,103,254,176.447,87.0,89.447,155,15.811,2,near colored overlay,12.948,overlaps central reticle box,"compact central contrast component, but reticle/overlay may contribute"
DOD_111689123.mp4,DOW-UAP-PR45,32.2,966,contrast-transition interval,medium,487.754,283.186,967.754,553.186,479,280,19,8,118,252,171.763,87.0,84.763,151,15.297,4,near colored overlay,13.913,overlaps central reticle box,"compact central contrast component, but reticle/overlay may contribute"
DOD_111689123.mp4,DOW-UAP-PR45,32.4,972,contrast-transition interval,medium,487.219,286.095,967.219,556.095,479,283,18,8,105,255,175.543,86.0,89.543,160,17.64,3,separate from colored overlay,35.165,overlaps central reticle box,"compact central contrast component, but reticle/overlay may contribute"
DOD_111689123.mp4,DOW-UAP-PR45,32.6,978,contrast-transition interval,medium,485.733,284.5,965.733,554.5,478,281,17,9,116,247,172.086,86.0,86.086,153,15.592,4,near colored overlay,14.306,overlaps central reticle box,"compact central contrast component, but reticle/overlay may contribute"
DOD_111689123.mp4,DOW-UAP-PR45,32.8,984,contrast-transition interval,medium,482.885,285.163,962.885,555.163,475,282,17,8,104,246,170.587,87.0,83.587,156,15.435,4,near colored overlay,12.974,overlaps central reticle box,"compact central contrast component, but reticle/overlay may contribute"
DOD_111689123.mp4,DOW-UAP-PR45,33.0,990,contrast-transition interval,medium,483.19,277.429,963.19,547.429,475,274,17,8,105,252,171.133,88.0,83.133,153,8.085,4,near colored overlay,18.768,overlaps central reticle box,"compact central contrast component, but reticle/overlay may contribute"
DOD_111689123.mp4,DOW-UAP-PR45,33.2,996,contrast-transition interval,medium,482.286,276.676,962.286,546.676,474,273,17,8,105,255,178.314,88.0,90.314,151,7.057,5,near colored overlay,17.371,overlaps central reticle box,"compact central contrast component, but reticle/overlay may contribute"
DOD_111689123.mp4,DOW-UAP-PR45,33.4,1002,contrast-transition interval,medium,482.921,281.455,962.921,551.455,476,278,15,8,101,252,180.574,88.0,92.574,157,11.822,4,near colored overlay,10.718,overlaps central reticle box,"compact central contrast component, but reticle/overlay may contribute"
DOD_111689123.mp4,DOW-UAP-PR45,33.6,1008,contrast-transition interval,medium,484.16,283.208,964.16,553.208,477,280,16,8,106,254,175.726,89.0,86.726,157,13.847,6,near colored overlay,13.796,overlaps central reticle box,"compact central contrast component, but reticle/overlay may contribute"
DOD_111689123.mp4,DOW-UAP-PR45,33.8,1014,contrast-transition interval,medium,486.213,283.5,966.213,553.5,478,280,17,8,108,255,177.556,90.0,87.556,157,14.861,5,near colored overlay,14.735,overlaps central reticle box,"compact central contrast component, but reticle/overlay may contribute"
DOD_111689123.mp4,DOW-UAP-PR45,34.0,1020,contrast-transition interval,medium,486.935,283.148,966.935,553.148,479,280,18,8,108,251,177.454,93.0,84.454,157,14.865,5,near colored overlay,15.07,overlaps central reticle box,"compact central contrast component, but reticle/overlay may contribute"
DOD_111689123.mp4,DOW-UAP-PR45,34.2,1026,contrast-transition interval,medium,488.29,283.14,968.29,553.14,481,279,16,10,107,252,176.869,92.0,84.869,157,15.537,5,near colored overlay,16.15,overlaps central reticle box,"compact central contrast component, but reticle/overlay may contribute"
DOD_111689123.mp4,DOW-UAP-PR45,34.4,1032,contrast-transition interval,medium,488.008,281.492,968.008,551.492,480,277,17,10,120,251,171.683,95.0,76.683,151,14.007,4,near colored overlay,14.817,overlaps central reticle box,"compact central contrast component, but reticle/overlay may contribute"
DOD_111689123.mp4,DOW-UAP-PR45,34.6,1038,contrast-transition interval,medium,482.883,282.964,962.883,552.964,475,279,17,9,111,254,177.901,107.0,70.901,158,13.281,3,near colored overlay,12.037,overlaps central reticle box,"compact central contrast component, but reticle/overlay may contribute"
DOD_111689123.mp4,DOW-UAP-PR45,34.8,1044,contrast-transition interval,medium,490.119,283.415,970.119,553.415,480,276,21,14,159,251,176.132,114.0,62.132,158,16.804,4,near colored overlay,13.598,overlaps central reticle box,"compact central contrast component, but reticle/overlay may contribute"
DOD_111689123.mp4,DOW-UAP-PR45,35.0,1050,growth interval,high,491.397,283.0,971.397,553.0,481,275,21,15,184,251,179.652,113.0,66.652,158,17.288,5,near colored overlay,14.006,overlaps central reticle box,large or growing central contrast component; still reticle-confounded
DOD_111689123.mp4,DOW-UAP-PR45,35.2,1056,growth interval,high,490.989,282.844,970.989,552.844,480,274,21,16,186,251,179.419,113.0,66.419,158,16.904,4,near colored overlay,14.156,overlaps central reticle box,large or growing central contrast component; still reticle-confounded
DOD_111689123.mp4,DOW-UAP-PR45,35.4,1062,growth interval,medium,489.95,281.075,969.95,551.075,480,273,20,15,159,254,175.327,113.0,62.327,157,14.888,4,near colored overlay,17.048,overlaps central reticle box,"compact central contrast component, but reticle/overlay may contribute"
DOD_111689123.mp4,DOW-UAP-PR45,35.6,1068,growth interval,high,492.554,278.332,972.554,548.332,482,269,21,18,193,253,181.492,114.0,67.492,158,15.067,3,near colored overlay,17.828,overlaps central reticle box,large or growing central contrast component; still reticle-confounded
DOD_111689123.mp4,DOW-UAP-PR45,35.8,1074,growth interval,high,493.098,278.25,973.098,548.25,482,269,22,17,204,253,182.431,116.0,66.431,158,15.48,3,near colored overlay,15.385,overlaps central reticle box,large or growing central contrast component; still reticle-confounded
DOD_111689123.mp4,DOW-UAP-PR45,36.0,1080,growth interval,high,493.311,276.876,973.311,546.876,482,269,23,15,193,252,178.658,118.0,60.658,159,14.982,5,near colored overlay,18.127,overlaps central reticle box,large or growing central contrast component; still reticle-confounded
DOD_111689123.mp4,DOW-UAP-PR45,36.2,1086,growth interval,high,493.049,277.197,973.049,547.197,482,269,23,15,183,252,178.0,120.0,58.0,159,14.902,5,near colored overlay,17.803,overlaps central reticle box,large or growing central contrast component; still reticle-confounded
DOD_111689123.mp4,DOW-UAP-PR45,36.4,1092,growth interval,high,493.226,275.9,973.226,545.9,482,268,22,15,190,253,182.368,120.0,62.368,158,14.483,4,near colored overlay,19.372,overlaps central reticle box,large or growing central contrast component; still reticle-confounded
DOD_111689123.mp4,DOW-UAP-PR45,36.6,1098,growth interval,high,493.924,273.97,973.924,543.97,482,264,23,18,198,252,179.753,122.0,57.753,159,14.479,5,near colored overlay,17.97,overlaps central reticle box,large or growing central contrast component; still reticle-confounded
DOD_111689123.mp4,DOW-UAP-PR45,36.8,1104,growth interval,high,490.471,275.789,970.471,545.789,479,267,24,17,204,253,180.137,123.0,57.137,159,11.964,3,near colored overlay,20.547,overlaps central reticle box,large or growing central contrast component; still reticle-confounded
DOD_111689123.mp4,DOW-UAP-PR45,37.0,1110,growth interval,high,488.173,276.15,968.173,546.15,478,268,21,15,173,255,181.688,124.0,57.688,158,10.229,4,near colored overlay,18.072,overlaps central reticle box,large or growing central contrast component; still reticle-confounded
DOD_111689123.mp4,DOW-UAP-PR45,37.2,1116,growth interval,high,492.707,273.558,972.707,543.558,481,266,23,15,208,252,183.139,123.0,60.139,158,13.195,4,near colored overlay,18.093,overlaps central reticle box,large or growing central contrast component; still reticle-confounded
DOD_111689123.mp4,DOW-UAP-PR45,37.4,1122,growth interval,high,493.402,274.622,973.402,544.622,482,268,23,14,209,255,187.1,124.0,63.1,158,14.177,4,near colored overlay,18.817,overlaps central reticle box,large or growing central contrast component; still reticle-confounded
DOD_111689123.mp4,DOW-UAP-PR45,37.6,1128,growth interval,high,495.469,274.554,975.469,544.554,484,265,24,17,213,255,182.901,125.0,57.901,158,16.126,5,near colored overlay,18.129,overlaps central reticle box,large or growing central contrast component; still reticle-confounded
DOD_111689123.mp4,DOW-UAP-PR45,37.8,1134,growth interval,high,489.708,274.704,969.708,544.704,478,266,24,17,226,254,186.668,128.0,58.668,160,10.787,3,near colored overlay,19.706,overlaps central reticle box,large or growing central contrast component; still reticle-confounded
DOD_111689123.mp4,DOW-UAP-PR45,38.0,1140,growth interval,high,473.104,279.347,953.104,549.347,462,271,25,16,202,247,179.094,122.0,57.094,157,11.615,5,near colored overlay,15.654,overlaps central reticle box,large or growing central contrast component; still reticle-confounded
DOD_111689123.mp4,DOW-UAP-PR45,38.2,1146,growth interval,high,485.216,279.438,965.216,549.438,475,272,23,14,185,255,182.914,122.0,60.914,157,10.783,5,near colored overlay,19.035,overlaps central reticle box,large or growing central contrast component; still reticle-confounded
DOD_111689123.mp4,DOW-UAP-PR45,38.4,1152,growth interval,high,492.697,276.697,972.697,546.697,482,270,22,14,201,252,187.209,121.0,66.209,156,14.354,3,near colored overlay,20.398,overlaps central reticle box,large or growing central contrast component; still reticle-confounded
DOD_111689123.mp4,DOW-UAP-PR45,38.6,1158,growth interval,high,492.63,276.191,972.63,546.191,483,272,22,10,173,255,191.283,113.0,78.283,157,14.066,3,near colored overlay,19.928,overlaps central reticle box,large or growing central contrast component; still reticle-confounded
DOD_111689123.mp4,DOW-UAP-PR45,38.8,1164,growth interval,high,490.509,277.952,970.509,547.952,481,273,21,11,167,253,190.042,113.0,77.042,157,13.179,3,near colored overlay,19.541,overlaps central reticle box,large or growing central contrast component; still reticle-confounded
DOD_111689123.mp4,DOW-UAP-PR45,39.0,1170,growth interval,high,485.722,278.71,965.722,548.71,477,274,19,11,162,255,189.741,116.0,73.741,158,10.421,4,near colored overlay,19.86,overlaps central reticle box,large or growing central contrast component; still reticle-confounded
DOD_111689123.mp4,DOW-UAP-PR45,39.2,1176,growth interval,medium,476.909,278.818,956.909,548.818,468,274,20,11,154,253,190.396,116.0,74.396,158,9.344,4,near colored overlay,19.182,overlaps central reticle box,"compact central contrast component, but reticle/overlay may contribute"
DOD_111689123.mp4,DOW-UAP-PR45,39.4,1182,growth interval,high,474.348,279.122,954.348,549.122,465,274,20,11,164,255,190.171,114.0,76.171,158,10.731,5,near colored overlay,18.95,overlaps central reticle box,large or growing central contrast component; still reticle-confounded
DOD_111689123.mp4,DOW-UAP-PR45,39.6,1188,growth interval,medium,475.582,274.532,955.582,544.532,467,270,19,10,141,255,194.121,113.0,81.121,158,6.329,4,near colored overlay,18.599,overlaps central reticle box,"compact central contrast component, but reticle/overlay may contribute"
DOD_111689123.mp4,DOW-UAP-PR45,39.8,1194,growth interval,medium,475.329,274.356,955.329,544.356,466,270,20,10,146,255,193.301,113.0,80.301,158,6.387,4,near colored overlay,18.404,overlaps central reticle box,"compact central contrast component, but reticle/overlay may contribute"
DOD_111689123.mp4,DOW-UAP-PR45,40.0,1200,growth interval,medium,474.103,273.61,954.103,543.61,465,269,20,10,146,255,191.753,109.0,82.753,158,6.914,4,near colored overlay,16.646,overlaps central reticle box,"compact central contrast component, but reticle/overlay may contribute"
DOD_111689123.mp4,DOW-UAP-PR45,40.2,1206,growth interval,medium,473.805,275.591,953.805,545.591,465,271,19,10,149,255,193.483,107.0,86.483,157,8.344,3,near colored overlay,18.592,overlaps central reticle box,"compact central contrast component, but reticle/overlay may contribute"
DOD_111689123.mp4,DOW-UAP-PR45,40.4,1212,growth interval,high,473.88,279.253,953.88,549.253,464,275,22,10,166,254,186.723,107.0,79.723,158,11.094,3,near colored overlay,18.955,overlaps central reticle box,large or growing central contrast component; still reticle-confounded
DOD_111689123.mp4,DOW-UAP-PR45,40.6,1218,growth interval,medium,470.664,279.427,950.664,549.427,462,275,19,10,143,254,187.056,107.0,80.056,157,13.267,4,near colored overlay,17.357,overlaps central reticle box,"compact central contrast component, but reticle/overlay may contribute"
DOD_111689123.mp4,DOW-UAP-PR45,40.8,1224,growth interval,medium,473.671,279.652,953.671,549.652,464,276,21,9,158,255,184.766,106.0,78.766,158,11.542,4,near colored overlay,17.628,overlaps central reticle box,"compact central contrast component, but reticle/overlay may contribute"
DOD_111689123.mp4,DOW-UAP-PR45,41.0,1230,growth interval,high,472.0,280.521,952.0,550.521,462,276,22,10,167,255,188.551,106.0,82.551,158,13.217,3,near colored overlay,17.479,overlaps central reticle box,large or growing central contrast component; still reticle-confounded
DOD_111689123.mp4,DOW-UAP-PR45,41.2,1236,growth interval,high,471.373,281.161,951.373,551.161,462,277,21,10,161,251,189.832,103.0,86.832,157,14.107,2,near colored overlay,16.843,overlaps central reticle box,large or growing central contrast component; still reticle-confounded
DOD_111689123.mp4,DOW-UAP-PR45,41.4,1242,growth interval,high,472.012,281.763,952.012,551.763,462,277,22,11,169,251,190.905,107.0,83.905,157,14.219,2,near colored overlay,16.237,overlaps central reticle box,large or growing central contrast component; still reticle-confounded
DOD_111689123.mp4,DOW-UAP-PR45,41.6,1248,growth interval,high,473.076,284.153,953.076,554.153,463,280,23,11,170,255,186.747,111.0,75.747,158,15.756,3,near colored overlay,13.847,overlaps central reticle box,large or growing central contrast component; still reticle-confounded
DOD_111689123.mp4,DOW-UAP-PR45,41.8,1254,growth interval,high,472.918,285.213,952.918,555.213,462,277,23,15,183,254,190.011,113.0,77.011,158,16.781,3,near colored overlay,12.787,overlaps central reticle box,large or growing central contrast component; still reticle-confounded
DOD_111689123.mp4,DOW-UAP-PR45,42.0,1260,growth interval,high,474.888,286.801,954.888,556.801,465,281,21,12,161,250,185.516,115.0,70.516,158,17.562,3,near colored overlay,11.199,overlaps central reticle box,large or growing central contrast component; still reticle-confounded
DOD_111689123.mp4,DOW-UAP-PR45,42.2,1266,growth interval,high,474.817,284.686,954.817,554.686,464,279,23,12,175,254,182.783,116.0,66.783,158,15.573,2,near colored overlay,13.316,overlaps central reticle box,large or growing central contrast component; still reticle-confounded
DOD_111689123.mp4,DOW-UAP-PR45,42.4,1272,growth interval,high,485.937,286.385,965.937,556.385,475,280,24,13,205,254,189.21,113.0,76.21,159,17.428,3,near colored overlay,11.98,overlaps central reticle box,large or growing central contrast component; still reticle-confounded
DOD_111689123.mp4,DOW-UAP-PR45,42.6,1278,growth interval,high,493.462,284.774,973.462,554.774,482,277,25,16,221,255,189.529,108.0,81.529,158,19.987,4,near colored overlay,12.992,overlaps central reticle box,large or growing central contrast component; still reticle-confounded
DOD_111689123.mp4,DOW-UAP-PR45,42.8,1284,growth interval,high,492.112,283.915,972.112,553.915,480,276,25,15,223,255,192.094,95.0,97.094,166,18.448,7,near colored overlay,33.905,overlaps central reticle box,large or growing central contrast component; still reticle-confounded
DOD_111689123.mp4,DOW-UAP-PR45,43.0,1290,growth interval,high,491.896,283.516,971.896,553.516,481,276,23,14,182,249,183.33,94.0,89.33,157,18.006,4,near colored overlay,16.52,overlaps central reticle box,large or growing central contrast component; still reticle-confounded
DOD_111689123.mp4,DOW-UAP-PR45,43.2,1296,growth interval,high,490.804,284.347,970.804,554.347,480,277,23,15,199,254,184.829,92.0,92.829,157,17.96,3,near colored overlay,14.655,overlaps central reticle box,large or growing central contrast component; still reticle-confounded
DOD_111689123.mp4,DOW-UAP-PR45,43.4,1302,growth interval,high,490.842,283.904,970.842,553.904,480,276,24,16,209,255,184.383,90.0,94.383,157,17.632,3,near colored overlay,15.097,overlaps central reticle box,large or growing central contrast component; still reticle-confounded
DOD_111689123.mp4,DOW-UAP-PR45,43.6,1308,growth interval,high,493.49,284.175,973.49,554.175,482,276,23,16,206,254,186.539,89.0,97.539,157,19.568,3,near colored overlay,14.756,overlaps central reticle box,large or growing central contrast component; still reticle-confounded
DOD_111689123.mp4,DOW-UAP-PR45,43.8,1314,growth interval,high,488.906,283.419,968.906,553.419,478,276,23,14,191,255,184.084,89.0,95.084,157,16.105,2,near colored overlay,15.581,overlaps central reticle box,large or growing central contrast component; still reticle-confounded
DOD_111689123.mp4,DOW-UAP-PR45,44.0,1320,growth interval,high,478.862,280.975,958.862,550.975,468,273,23,16,203,255,184.709,88.0,96.709,157,11.034,3,near colored overlay,15.2,overlaps central reticle box,large or growing central contrast component; still reticle-confounded
DOD_111689123.mp4,DOW-UAP-PR45,44.2,1326,growth interval,high,481.476,280.771,961.476,550.771,469,272,24,17,227,255,188.441,89.0,99.441,157,10.872,3,near colored overlay,17.292,overlaps central reticle box,large or growing central contrast component; still reticle-confounded
DOD_111689123.mp4,DOW-UAP-PR45,44.4,1332,growth interval,high,482.393,283.863,962.393,553.863,472,277,23,14,183,255,183.377,89.0,94.377,157,14.068,2,near colored overlay,14.142,overlaps central reticle box,large or growing central contrast component; still reticle-confounded
DOD_111689123.mp4,DOW-UAP-PR45,44.6,1338,growth interval,high,480.456,281.995,960.456,551.995,470,274,22,15,193,254,185.399,92.0,93.399,157,12.003,4,near colored overlay,16.012,overlaps central reticle box,large or growing central contrast component; still reticle-confounded
DOD_111689123.mp4,DOW-UAP-PR45,44.8,1344,growth interval,high,483.311,282.026,963.311,552.026,474,275,20,14,190,254,187.642,93.0,94.642,156,12.474,4,near colored overlay,16.14,overlaps central reticle box,large or growing central contrast component; still reticle-confounded
DOD_111689123.mp4,DOW-UAP-PR45,45.0,1350,growth interval,high,485.761,280.148,965.761,550.148,472,270,26,19,264,255,194.049,99.0,95.049,159,11.669,3,near colored overlay,18.759,overlaps central reticle box,large or growing central contrast component; still reticle-confounded
DOD_111689123.mp4,DOW-UAP-PR45,45.2,1356,growth interval,high,485.51,285.698,965.51,555.698,473,276,24,19,255,255,195.259,104.0,91.259,159,16.637,2,near colored overlay,13.312,overlaps central reticle box,large or growing central contrast component; still reticle-confounded
DOD_111689123.mp4,DOW-UAP-PR45,45.4,1362,growth interval,high,487.905,285.996,967.905,555.996,475,276,24,19,263,255,195.342,106.0,89.342,159,17.843,2,near colored overlay,13.324,overlaps central reticle box,large or growing central contrast component; still reticle-confounded
DOD_111689123.mp4,DOW-UAP-PR45,45.6,1368,growth interval,high,486.681,288.567,966.681,558.567,475,279,24,19,282,255,199.699,108.0,91.699,164,19.733,3,near colored overlay,13.436,overlaps central reticle box,large or growing central contrast component; still reticle-confounded
DOD_111689123.mp4,DOW-UAP-PR45,45.8,1374,growth interval,high,486.046,286.929,966.046,556.929,475,277,22,18,239,255,195.234,108.0,87.234,166,17.976,9,near colored overlay,21.093,overlaps central reticle box,large or growing central contrast component; still reticle-confounded
DOD_111689123.mp4,DOW-UAP-PR45,46.0,1380,growth interval,high,484.96,285.693,964.96,555.693,473,277,24,17,251,255,190.422,106.0,84.422,158,16.458,2,near colored overlay,12.928,overlaps central reticle box,large or growing central contrast component; still reticle-confounded
DOD_111689123.mp4,DOW-UAP-PR45,46.2,1386,growth interval,high,487.395,284.881,967.395,554.881,476,276,24,18,253,255,191.49,106.0,85.49,158,16.618,2,near colored overlay,14.132,overlaps central reticle box,large or growing central contrast component; still reticle-confounded
DOD_111689123.mp4,DOW-UAP-PR45,46.4,1392,growth interval,high,489.633,284.883,969.633,554.883,478,276,24,18,256,255,192.504,106.0,86.504,158,17.728,2,near colored overlay,14.122,overlaps central reticle box,large or growing central contrast component; still reticle-confounded
DOD_111689123.mp4,DOW-UAP-PR45,46.6,1398,growth interval,high,489.9,283.45,969.9,553.45,478,273,25,20,291,255,199.151,107.0,92.151,160,16.701,2,near colored overlay,15.55,overlaps central reticle box,large or growing central contrast component; still reticle-confounded
DOD_111689123.mp4,DOW-UAP-PR45,46.8,1404,growth interval,high,492.22,284.135,972.22,554.135,480,274,25,20,296,253,199.774,106.0,93.774,160,18.685,2,near colored overlay,13.891,overlaps central reticle box,large or growing central contrast component; still reticle-confounded
DOD_111689123.mp4,DOW-UAP-PR45,47.0,1410,growth interval,high,495.367,285.43,975.367,555.43,483,274,25,22,300,255,200.393,106.0,94.393,160,21.777,2,near colored overlay,9.742,overlaps central reticle box,large or growing central contrast component; still reticle-confounded
DOD_111689123.mp4,DOW-UAP-PR45,47.2,1416,growth interval,high,495.49,284.662,975.49,554.662,483,273,26,22,302,255,200.123,103.0,97.123,160,21.329,2,near colored overlay,9.352,overlaps central reticle box,large or growing central contrast component; still reticle-confounded
DOD_111689123.mp4,DOW-UAP-PR45,47.4,1422,growth interval,high,495.472,287.132,975.472,557.132,483,276,25,22,303,255,200.086,103.0,97.086,159,23.084,5,near colored overlay,10.878,overlaps central reticle box,large or growing central contrast component; still reticle-confounded
DOD_111689123.mp4,DOW-UAP-PR45,47.6,1428,growth interval,high,496.448,283.141,976.448,553.141,484,272,26,22,306,255,199.35,104.0,95.35,160,21.052,4,near colored overlay,12.197,overlaps central reticle box,large or growing central contrast component; still reticle-confounded
DOD_111689123.mp4,DOW-UAP-PR45,47.8,1434,growth interval,high,507.023,281.894,987.023,551.894,490,271,40,23,396,254,197.278,104.0,93.278,159,29.524,2,near colored overlay,10.106,overlaps central reticle box,large or growing central contrast component; still reticle-confounded
DOD_111689123.mp4,DOW-UAP-PR45,48.0,1440,growth interval,high,509.208,279.465,989.208,549.465,496,268,26,23,303,255,200.677,103.0,97.677,159,30.703,4,near colored overlay,12.536,overlaps central reticle box,large or growing central contrast component; still reticle-confounded
DOD_111689123.mp4,DOW-UAP-PR45,48.2,1446,growth interval,high,510.458,278.676,990.458,548.676,498,268,25,21,312,255,200.513,103.0,97.513,159,31.67,5,near colored overlay,13.332,overlaps central reticle box,large or growing central contrast component; still reticle-confounded
DOD_111689123.mp4,DOW-UAP-PR45,48.4,1452,growth interval,high,510.776,273.241,990.776,543.241,499,263,26,22,299,255,202.294,104.0,98.294,165,30.946,6,near colored overlay,13.309,overlaps central reticle box,large or growing central contrast component; still reticle-confounded
DOD_111689123.mp4,DOW-UAP-PR45,48.6,1458,growth interval,high,511.969,271.569,991.969,541.569,502,263,23,18,255,255,199.471,106.0,93.471,160,32.007,5,near colored overlay,11.311,overlaps central reticle box,large or growing central contrast component; still reticle-confounded
DOD_111689123.mp4,DOW-UAP-PR45,48.8,1464,growth interval,high,513.525,269.551,993.525,539.551,505,263,20,15,198,253,198.838,107.0,91.838,164,33.528,6,near colored overlay,8.537,overlaps central reticle box,large or growing central contrast component; still reticle-confounded
DOD_111689123.mp4,DOW-UAP-PR45,49.0,1470,growth interval,high,513.066,269.443,993.066,539.443,505,263,20,15,212,253,203.58,110.0,93.58,160,33.071,4,near colored overlay,8.662,overlaps central reticle box,large or growing central contrast component; still reticle-confounded
DOD_111689123.mp4,DOW-UAP-PR45,49.2,1476,growth interval,high,511.336,268.709,991.336,538.709,503,262,20,15,220,254,202.791,108.0,94.791,160,31.363,5,near colored overlay,8.867,overlaps central reticle box,large or growing central contrast component; still reticle-confounded
DOD_111689123.mp4,DOW-UAP-PR45,49.4,1482,growth interval,high,509.329,269.549,989.329,539.549,500,262,21,17,237,255,204.063,109.0,95.063,167,29.333,10,near colored overlay,10.258,overlaps central reticle box,large or growing central contrast component; still reticle-confounded
DOD_111689123.mp4,DOW-UAP-PR45,49.6,1488,growth interval,high,510.113,269.971,990.113,539.971,501,262,21,18,239,255,205.444,110.0,95.444,166,30.113,6,near colored overlay,10.216,overlaps central reticle box,large or growing central contrast component; still reticle-confounded
DOD_111689123.mp4,DOW-UAP-PR45,49.8,1494,growth interval,high,508.778,271.471,988.778,541.471,499,263,22,19,261,255,204.218,113.0,91.218,165,28.815,7,near colored overlay,10.474,overlaps central reticle box,large or growing central contrast component; still reticle-confounded
DOD_111689123.mp4,DOW-UAP-PR45,50.0,1500,growth interval,high,505.912,272.664,985.912,542.664,496,262,22,21,295,255,204.861,113.0,91.861,164,26.048,4,near colored overlay,9.852,overlaps central reticle box,large or growing central contrast component; still reticle-confounded
DOD_111689123.mp4,DOW-UAP-PR45,50.2,1506,growth interval,high,507.33,271.736,987.33,541.736,498,263,21,18,261,254,206.82,113.0,93.82,166,27.385,7,near colored overlay,10.741,overlaps central reticle box,large or growing central contrast component; still reticle-confounded
DOD_111689123.mp4,DOW-UAP-PR45,50.4,1512,growth interval,high,511.538,270.808,991.538,540.808,502,262,23,18,266,255,205.301,113.0,92.301,166,31.548,6,near colored overlay,9.928,overlaps central reticle box,large or growing central contrast component; still reticle-confounded
DOD_111689123.mp4,DOW-UAP-PR45,50.6,1518,growth interval,high,511.743,272.045,991.743,542.045,502,264,24,18,269,255,206.725,114.0,92.725,167,31.809,9,near colored overlay,9.452,overlaps central reticle box,large or growing central contrast component; still reticle-confounded
DOD_111689123.mp4,DOW-UAP-PR45,50.8,1524,growth interval,high,508.45,273.512,988.45,543.513,498,264,23,20,320,255,207.041,116.0,91.041,166,28.666,9,near colored overlay,10.522,overlaps central reticle box,large or growing central contrast component; still reticle-confounded
DOD_111689123.mp4,DOW-UAP-PR45,51.0,1530,late large-return / exit-adjacent interval,high,509.531,270.199,989.531,540.199,500,262,21,17,256,255,209.137,116.0,93.137,166,29.532,10,near colored overlay,11.115,overlaps central reticle box,large or growing central contrast component; still reticle-confounded
DOD_111689123.mp4,DOW-UAP-PR45,51.2,1536,late large-return / exit-adjacent interval,high,505.187,266.549,985.187,536.549,496,259,22,17,235,255,207.153,114.0,93.153,164,25.423,4,near colored overlay,9.528,overlaps central reticle box,large or growing central contrast component; still reticle-confounded
DOD_111689123.mp4,DOW-UAP-PR45,51.4,1542,late large-return / exit-adjacent interval,high,505.158,266.639,985.158,536.639,496,259,22,17,241,255,202.788,109.0,93.788,160,25.381,5,near colored overlay,9.64,overlaps central reticle box,large or growing central contrast component; still reticle-confounded
DOD_111689123.mp4,DOW-UAP-PR45,51.6,1548,late large-return / exit-adjacent interval,high,506.007,269.546,986.007,539.546,495,262,23,17,271,254,201.653,104.0,97.653,164,26.011,4,near colored overlay,10.546,overlaps central reticle box,large or growing central contrast component; still reticle-confounded
DOD_111689123.mp4,DOW-UAP-PR45,51.8,1554,late large-return / exit-adjacent interval,high,502.947,272.211,982.947,542.211,491,263,26,20,318,255,200.434,113.0,87.434,166,23.053,11,near colored overlay,12.211,overlaps central reticle box,large or growing central contrast component; still reticle-confounded
DOD_111689123.mp4,DOW-UAP-PR45,52.0,1560,late large-return / exit-adjacent interval,high,498.659,274.737,978.659,544.737,487,266,25,18,308,255,206.182,113.0,93.182,169,19.251,16,near colored overlay,18.049,overlaps central reticle box,large or growing central contrast component; still reticle-confounded
DOD_111689123.mp4,DOW-UAP-PR45,52.2,1566,late large-return / exit-adjacent interval,high,496.043,277.583,976.043,547.583,483,269,27,18,350,254,206.76,106.0,100.76,167,17.745,9,near colored overlay,19.343,overlaps central reticle box,large or growing central contrast component; still reticle-confounded
DOD_111689123.mp4,DOW-UAP-PR45,52.4,1572,late large-return / exit-adjacent interval,high,490.569,280.611,970.569,550.611,477,272,29,18,360,255,203.786,103.0,100.786,167,14.977,6,near colored overlay,17.448,overlaps central reticle box,large or growing central contrast component; still reticle-confounded
DOD_111689123.mp4,DOW-UAP-PR45,52.6,1578,late large-return / exit-adjacent interval,high,491.013,280.404,971.013,550.404,477,272,29,18,379,255,205.232,107.0,98.232,169,15.15,6,near colored overlay,17.708,overlaps central reticle box,large or growing central contrast component; still reticle-confounded
DOD_111689123.mp4,DOW-UAP-PR45,52.8,1584,late large-return / exit-adjacent interval,high,487.863,274.821,967.863,544.821,475,266,26,19,379,255,210.799,108.0,102.799,172,9.223,13,near colored overlay,19.821,overlaps central reticle box,large or growing central contrast component; still reticle-confounded
DOD_111689123.mp4,DOW-UAP-PR45,53.0,1590,late large-return / exit-adjacent interval,high,485.447,275.638,965.447,545.638,472,267,28,19,387,255,215.455,109.0,106.455,179,7.84,2,near colored overlay,19.413,overlaps central reticle box,large or growing central contrast component; still reticle-confounded
DOD_111689123.mp4,DOW-UAP-PR45,53.2,1596,late large-return / exit-adjacent interval,high,482.155,281.136,962.155,551.136,468,272,30,19,413,255,207.668,108.0,99.668,169,11.342,11,near colored overlay,16.865,overlaps central reticle box,large or growing central contrast component; still reticle-confounded
DOD_111689123.mp4,DOW-UAP-PR45,53.4,1602,late large-return / exit-adjacent interval,high,478.83,283.386,958.83,553.386,464,274,33,19,448,255,207.676,110.0,97.676,169,13.437,10,near colored overlay,14.615,overlaps central reticle box,large or growing central contrast component; still reticle-confounded
DOD_111689123.mp4,DOW-UAP-PR45,53.6,1608,late large-return / exit-adjacent interval,high,476.941,289.031,956.941,559.031,461,280,38,20,508,254,208.061,123.0,85.061,170,19.276,13,near colored overlay,9.969,overlaps central reticle box,large or growing central contrast component; still reticle-confounded
DOD_111689123.mp4,DOW-UAP-PR45,53.8,1614,late large-return / exit-adjacent interval,high,480.489,291.617,960.489,561.617,459,280,55,23,648,255,212.546,107.0,105.546,170,21.623,6,near colored overlay,7.531,overlaps central reticle box,large or growing central contrast component; still reticle-confounded
DOD_111689123.mp4,DOW-UAP-PR45,54.0,1620,late large-return / exit-adjacent interval,high,476.501,292.81,956.501,562.81,456,283,52,20,569,254,215.587,88.0,127.587,167,23.077,5,near colored overlay,6.21,overlaps central reticle box,large or growing central contrast component; still reticle-confounded
DOD_111689123.mp4,DOW-UAP-PR45,54.2,1626,late large-return / exit-adjacent interval,high,476.451,293.343,956.451,563.343,457,284,49,19,543,254,220.564,85.0,135.564,166,23.611,3,near colored overlay,6.673,overlaps central reticle box,large or growing central contrast component; still reticle-confounded
DOD_111689123.mp4,DOW-UAP-PR45,54.4,1632,late large-return / exit-adjacent interval,high,476.327,293.645,956.327,563.645,457,285,38,18,471,255,224.588,97.0,127.588,169,23.929,3,near colored overlay,6.363,overlaps central reticle box,large or growing central contrast component; still reticle-confounded
DOD_111689123.mp4,DOW-UAP-PR45,54.6,1638,late large-return / exit-adjacent interval,high,477.368,295.132,957.368,565.132,458,287,38,17,416,254,224.087,103.0,121.087,169,25.27,8,intersects colored overlay,4.882,overlaps central reticle box,large or growing central contrast component; still reticle-confounded
DOD_111689123.mp4,DOW-UAP-PR45,54.8,1644,late large-return / exit-adjacent interval,high,478.249,294.829,958.249,564.829,458,287,38,16,434,254,221.521,106.0,115.521,169,24.891,9,near colored overlay,5.176,overlaps central reticle box,large or growing central contrast component; still reticle-confounded
DOD_111689123.mp4,DOW-UAP-PR45,55.0,1650,late large-return / exit-adjacent interval,high,481.478,296.456,961.478,566.456,462,290,37,14,360,254,221.008,106.0,115.008,166,26.497,4,intersects colored overlay,3.84,overlaps central reticle box,large or growing central contrast component; still reticle-confounded
DOD_111689123.mp4,DOW-UAP-PR45,55.2,1656,late large-return / exit-adjacent interval,high,485.627,297.121,965.627,567.121,468,291,33,13,306,253,219.922,106.0,113.922,169,27.699,4,intersects colored overlay,4.547,overlaps central reticle box,large or growing central contrast component; still reticle-confounded
DOD_111689123.mp4,DOW-UAP-PR45,55.4,1662,late large-return / exit-adjacent interval,high,487.398,298.526,967.398,568.526,471,294,32,10,196,250,209.143,96.0,113.143,167,29.469,8,intersects colored overlay,2.547,overlaps central reticle box,large or growing central contrast component; still reticle-confounded
DOD_111689123.mp4,DOW-UAP-PR45,55.6,1668,late large-return / exit-adjacent interval,high,504.924,323.114,984.924,593.114,471,317,59,15,510,255,206.935,99.0,107.935,175,58.671,5,near colored overlay,8.114,overlaps reticle line,large or growing central contrast component; still reticle-confounded
DOD_111689123.mp4,DOW-UAP-PR45,55.8,1674,late large-return / exit-adjacent interval,high,505.915,324.908,985.915,594.908,470,318,64,18,661,255,216.002,99.0,117.002,185,60.716,3,near colored overlay,9.908,overlaps reticle line,large or growing central contrast component; still reticle-confounded
DOD_111689123.mp4,DOW-UAP-PR45,56.0,1680,late large-return / exit-adjacent interval,high,511.09,327.347,991.09,597.347,480,316,62,24,764,255,226.332,99.0,127.332,206,65.232,1,near colored overlay,12.347,overlaps reticle line,large or growing central contrast component; still reticle-confounded
DOD_111689123.mp4,DOW-UAP-PR45,56.2,1686,late large-return / exit-adjacent interval,high,508.875,328.686,988.875,598.686,480,315,60,27,920,255,231.548,97.0,134.548,215,65.405,3,near colored overlay,13.315,overlaps reticle line,large or growing central contrast component; still reticle-confounded
DOD_111689123.mp4,DOW-UAP-PR45,56.4,1692,late large-return / exit-adjacent interval,high,520.438,331.912,1000.438,601.912,491,316,64,30,1123,255,229.017,99.0,130.017,216,73.948,1,near colored overlay,11.181,separate from reticle center,large or growing central contrast component; still reticle-confounded
DOD_111689123.mp4,DOW-UAP-PR45,56.6,1698,late large-return / exit-adjacent interval,high,531.189,338.78,1011.189,608.78,502,321,63,36,1161,255,230.703,106.0,124.703,218,85.738,2,near colored overlay,18.672,separate from reticle center,large or growing central contrast component; still reticle-confounded
DOD_111689123.mp4,DOW-UAP-PR45,56.8,1704,late large-return / exit-adjacent interval,medium,539.96,348.046,1019.96,618.046,511,329,64,36,1304,255,233.38,106.0,127.38,218,98.419,2,separate from colored overlay,53.657,separate from reticle center,"compact central contrast component, but reticle/overlay may contribute"
DOD_111689123.mp4,DOW-UAP-PR45,57.0,1710,late large-return / exit-adjacent interval,medium,553.32,358.23,1033.32,628.23,523,338,67,39,1471,255,235.606,106.0,129.606,218,114.719,2,separate from colored overlay,104.524,separate from reticle center,"compact central contrast component, but reticle/overlay may contribute"
DOD_111689123.mp4,DOW-UAP-PR45,57.2,1716,late large-return / exit-adjacent interval,low,570.437,373.771,1050.437,643.771,536,352,73,40,1534,255,234.055,106.0,128.055,218,137.65,1,separate from colored overlay,205.961,separate from reticle center,candidate does not meet conservative size/contrast thresholds
DOD_111689123.mp4,DOW-UAP-PR45,57.4,1722,late large-return / exit-adjacent interval,low,583.273,389.609,1063.273,659.609,546,367,77,41,1642,255,232.803,106.0,126.803,218,158.024,3,separate from colored overlay,58.398,separate from reticle center,candidate does not meet conservative size/contrast thresholds
DOD_111689123.mp4,DOW-UAP-PR45,57.6,1728,late large-return / exit-adjacent interval,low,609.122,412.406,1089.122,682.406,569,393,82,32,1373,255,226.313,106.0,120.313,218,192.228,2,separate from colored overlay,151.661,separate from reticle center,candidate does not meet conservative size/contrast thresholds
DOD_111689123.mp4,DOW-UAP-PR45,57.8,1734,late large-return / exit-adjacent interval,low,642.104,444.08,1122.104,714.08,600,419,85,48,2168,255,235.504,106.0,129.504,218,237.869,3,separate from colored overlay,106.377,separate from reticle center,candidate does not meet conservative size/contrast thresholds
DOD_111689123.mp4,DOW-UAP-PR45,58.0,1740,late large-return / exit-adjacent interval,low,670.73,474.831,1150.73,744.831,656,464,35,23,385,255,218.564,106.0,112.564,215,279.882,4,separate from colored overlay,83.797,separate from reticle center,weak central candidate; likely mixed with reticle graphics or background texture
DOD_111689123.mp4,DOW-UAP-PR45,58.2,1746,late large-return / exit-adjacent interval,low,755.902,514.463,1235.902,784.463,746,513,21,3,41,253,234.805,104.0,130.805,169,368.625,9,intersects colored overlay,3.579,separate from reticle center,weak central candidate; likely mixed with reticle graphics or background texture
DOD_111689123.mp4,DOW-UAP-PR45,58.4,1752,late large-return / exit-adjacent interval,low,641.689,470.508,1121.689,740.508,641,458,4,28,61,162,109.967,105.0,4.967,159,257.579,1,separate from colored overlay,94.449,separate from reticle center,weak central candidate; likely mixed with reticle graphics or background texture
