asset_url,asset_filename,asset_extension,manifest_types,record_ids,record_count,agencies,local_exact_filename_match,local_bytes,local_source_path,titles
https://www.war.gov/medialink/ufo/release_1/nasa-uap-vm1-apollo-12-1969.jpg,nasa-uap-vm1-apollo-12-1969.jpg,.jpg,IMG,,1,NASA,yes,2526206,I:\My Drive\UFO\nasa-uap-vm1-apollo-12-1969.jpg,"NASA-UAP-VM001, Apollo 12, 1969"
https://www.war.gov/medialink/ufo/release_1/nasa-uap-vm2-apollo-12-1969.jpg,nasa-uap-vm2-apollo-12-1969.jpg,.jpg,IMG,,1,NASA,yes,2630734,I:\My Drive\UFO\nasa-uap-vm2-apollo-12-1969.jpg,"NASA-UAP-VM002, Apollo 12, 1969"
https://www.war.gov/medialink/ufo/release_1/nasa-uap-vm3-apollo-12-1969.jpg,nasa-uap-vm3-apollo-12-1969.jpg,.jpg,IMG,,1,NASA,yes,2534744,I:\My Drive\UFO\nasa-uap-vm3-apollo-12-1969.jpg,"NASA-UAP-VM003, Apollo 12, 1969"
https://www.war.gov/medialink/ufo/release_1/nasa-uap-vm4-apollo-12-1969.jpg,nasa-uap-vm4-apollo-12-1969.jpg,.jpg,IMG,,1,NASA,yes,2444608,I:\My Drive\UFO\nasa-uap-vm4-apollo-12-1969.jpg,"NASA-UAP-VM004, Apollo 12, 1969"
https://www.war.gov/medialink/ufo/release_1/nasa-uap-vm5-apollo-12-1969.jpg,nasa-uap-vm5-apollo-12-1969.jpg,.jpg,IMG,,1,NASA,yes,2590279,I:\My Drive\UFO\nasa-uap-vm5-apollo-12-1969.jpg,"NASA-UAP-VM005, Apollo 12, 1969"
https://www.war.gov/medialink/ufo/release_1/nasa-uap-vm6-apollo-17-1972.jpg,nasa-uap-vm6-apollo-17-1972.jpg,.jpg,IMG,,1,NASA,yes,1778754,I:\My Drive\UFO\nasa-uap-vm6-apollo-17-1972.jpg,"NASA-UAP-VM006, Apollo 17, 1972"
https://www.war.gov/medialink/ufo/release_1/059uap00011.pdf,059uap00011.pdf,.pdf,PDF,,1,Department of State,yes,830359,I:\My Drive\UFO\059uap00011.pdf,"State Department UAP Cable 003, Tbilisi, Georgia, October 30, 2001"
https://www.war.gov/medialink/ufo/release_1/059uap00012.pdf,059uap00012.pdf,.pdf,PDF,,1,Department of State,yes,656720,I:\My Drive\UFO\059uap00012.pdf,"State Department UAP Cable 004, Ashgabat, Turkmenistan, November 5, 2004"
https://www.war.gov/medialink/ufo/release_1/059uap00013.pdf,059uap00013.pdf,.pdf,PDF,,1,Department of State,yes,1221743,I:\My Drive\UFO\059uap00013.pdf,"State Department UAP Cable 005, Mexico, September 16, 2003"
https://www.war.gov/medialink/ufo/release_1/18_100754_ general 1946-7_vol_2.pdf,18_100754_ general 1946-7_vol_2.pdf,.pdf,PDF,,1,Department of War,yes,61464225,I:\My Drive\UFO\18_100754_ general 1946-7_vol_2.pdf,18_100754_ General 1946-7_Vol_2
https://www.war.gov/medialink/ufo/release_1/18_6369445_general_1948_vol_1.pdf,18_6369445_general_1948_vol_1.pdf,.pdf,PDF,,1,Department of War,yes,65878977,I:\My Drive\UFO\18_6369445_general_1948_vol_1.pdf,18_6369445_General_1948_Vol_1
https://www.war.gov/medialink/ufo/release_1/2024-04-30-composite-sketch.pdf,2024-04-30-composite-sketch.pdf,.pdf,PDF,,1,FBI,yes,109275,I:\My Drive\UFO\2024-04-30-composite-sketch.pdf,FBI September 2023 Sighting - Composite Sketch
https://www.war.gov/medialink/ufo/release_1/255_413270_ufo's_and_defense_what_should_we_prepare_for.pdf,255_413270_ufo's_and_defense_what_should_we_prepare_for.pdf,.pdf,PDF,,1,NASA,no,,,255_413270_UFO's_and_Defense_What_Should_we_Prepare_For
https://www.war.gov/medialink/ufo/release_1/255_t_763_r1b_transcripts.pdf,255_t_763_r1b_transcripts.pdf,.pdf,PDF,NASA-UAP-D003,1,NASA,yes,328211,I:\My Drive\UFO\255_t_763_r1b_transcripts.pdf,"NASA-UAP-D003, Gemini 7 Transcript, 1965"
https://www.war.gov/medialink/ufo/release_1/331_120752_numeric_files_1944–1945_37153_german_armament_equipment_documents.pdf,331_120752_numeric_files_1944–1945_37153_german_armament_equipment_documents.pdf,.pdf,PDF,,1,Department of War,yes,15892720,I:\My Drive\UFO\331_120752_numeric_files_1944–1945_37153_german_armament_equipment_documents.pdf,331_120752_Numeric_Files_1944–1945_37153_German_Armament_Equipment_Documents
https://www.war.gov/medialink/ufo/release_1/341_110448_records_relating_to_the_collection_and_dissemination_of_intelligence_1948-1955-ts_cont_no.2_2-5300-2-5399.pdf,341_110448_records_relating_to_the_collection_and_dissemination_of_intelligence_1948-1955-ts_cont_no.2_2-5300-2-5399.pdf,.pdf,PDF,,1,Department of War,yes,9888054,I:\My Drive\UFO\341_110448_records_relating_to_the_collection_and_dissemination_of_intelligence_1948-1955-ts_cont_no.2_2-5300-2-5399.pdf,341_110448_Records_Relating_to_the_Collection_and_Dissemination_of_Intelligence_1948-1955-TS_CONT_No.2_2-5300-2-5399
https://www.war.gov/medialink/ufo/release_1/341_110677_numerical_file_5-2500.pdf,341_110677_numerical_file_5-2500.pdf,.pdf,PDF,,1,Department of War,yes,57343984,I:\My Drive\UFO\341_110677_numerical_file_5-2500.pdf,"341_110677_Numerical_File,_5-2500"
https://www.war.gov/medialink/ufo/release_1/342_hs1-416511228_box186_319.1-flying-discs-1949.pdf,342_hs1-416511228_box186_319.1-flying-discs-1949.pdf,.pdf,PDF,,1,Department of War,yes,123253043,I:\My Drive\UFO\342_hs1-416511228_box186_319.1-flying-discs-1949.pdf,342_HS1-416511228_319.1 Flying Discs 1949
https://www.war.gov/medialink/ufo/release_1/38_143685_box7_incident_summaries_1-100.pdf,38_143685_box7_incident_summaries_1-100.pdf,.pdf,PDF,,1,Department of War,no,,,38_143685_box7_Incident_Summaries_1-100
https://www.war.gov/medialink/ufo/release_1/38_143685_box7_incident_summaries_101-172.pdf,38_143685_box7_incident_summaries_101-172.pdf,.pdf,PDF,,1,Department of War,yes,242733260,I:\My Drive\UFO\38_143685_box7_incident_summaries_101-172.pdf,38_143685_box_Incident_Summaries_101-172
https://www.war.gov/medialink/ufo/release_1/38_143685_box7_incident_summaries_173-233.pdf,38_143685_box7_incident_summaries_173-233.pdf,.pdf,PDF,,1,Department of War,yes,49382924,I:\My Drive\UFO\38_143685_box7_incident_summaries_173-233.pdf,38_143685_box_Incident_Summaries_173-233
https://www.war.gov/medialink/ufo/release_1/59_214434_sp_16_[7.18.1963].pdf,59_214434_sp_16_[7.18.1963].pdf,.pdf,PDF,,1,Department of State,yes,1598931,I:\My Drive\UFO\59_214434_sp_16_[7.18.1963].pdf,59_214434_SP 16 [7.18.1963]
https://www.war.gov/medialink/ufo/release_1/59_64634_711.5612[7-2852.pdf,59_64634_711.5612[7-2852.pdf,.pdf,PDF,,1,Department of State,no,,,59_64634_711.5612[7-2852
https://www.war.gov/medialink/ufo/release_1/65_hs1-101634279_100-de-18221_serial_844.pdf,65_hs1-101634279_100-de-18221_serial_844.pdf,.pdf,PDF,,1,FBI,yes,677153,I:\My Drive\UFO\65_hs1-101634279_100-de-18221_serial_844.pdf,65_HS1-101634279_100-DE-18221_Serial_844
https://www.war.gov/medialink/ufo/release_1/65_hs1-101634279_100-de-26505.pdf,65_hs1-101634279_100-de-26505.pdf,.pdf,PDF,,1,FBI,yes,12990300,I:\My Drive\UFO\65_hs1-101634279_100-de-26505.pdf,65_HS1-101634279_100-DE-26505
https://www.war.gov/medialink/ufo/release_1/65_hs1-834228961_62-hq-83894_section_1.pdf,65_hs1-834228961_62-hq-83894_section_1.pdf,.pdf,PDF,,1,FBI,yes,108961866,I:\My Drive\UFO\65_hs1-834228961_62-hq-83894_section_1.pdf,65_HS1-834228961_62-HQ-83894_Section_001
https://www.war.gov/medialink/ufo/release_1/65_hs1-834228961_62-hq-83894_section_10.pdf,65_hs1-834228961_62-hq-83894_section_10.pdf,.pdf,PDF,,1,FBI,yes,106167501,I:\My Drive\UFO\65_hs1-834228961_62-hq-83894_section_10.pdf,65_HS1-834228961_62-HQ-83894_Section_010
https://www.war.gov/medialink/ufo/release_1/65_hs1-834228961_62-hq-83894_section_2.pdf,65_hs1-834228961_62-hq-83894_section_2.pdf,.pdf,PDF,,1,FBI,yes,118380300,I:\My Drive\UFO\65_hs1-834228961_62-hq-83894_section_2.pdf,65_HS1-834228961_62-HQ-83894_Section_002
https://www.war.gov/medialink/ufo/release_1/65_hs1-834228961_62-hq-83894_section_3.pdf,65_hs1-834228961_62-hq-83894_section_3.pdf,.pdf,PDF,,1,FBI,yes,50907255,I:\My Drive\UFO\65_hs1-834228961_62-hq-83894_section_3.pdf,65_HS1-834228961_62-HQ-83894_Section_003
https://www.war.gov/medialink/ufo/release_1/65_hs1-834228961_62-hq-83894_section_4.pdf,65_hs1-834228961_62-hq-83894_section_4.pdf,.pdf,PDF,,1,FBI,yes,92073029,I:\My Drive\UFO\65_hs1-834228961_62-hq-83894_section_4.pdf,65_HS1-834228961_62-HQ-83894_Section_004
https://www.war.gov/medialink/ufo/release_1/65_hs1-834228961_62-hq-83894_section_5.pdf,65_hs1-834228961_62-hq-83894_section_5.pdf,.pdf,PDF,,1,FBI,yes,58041955,I:\My Drive\UFO\65_hs1-834228961_62-hq-83894_section_5.pdf,65_HS1-834228961_62-HQ-83894_Section_005
https://www.war.gov/medialink/ufo/release_1/65_hs1-834228961_62-hq-83894_section_6.pdf,65_hs1-834228961_62-hq-83894_section_6.pdf,.pdf,PDF,,1,FBI,yes,370571478,I:\My Drive\UFO\65_hs1-834228961_62-hq-83894_section_6.pdf,65_HS1-834228961_62-HQ-83894_Section_006
https://www.war.gov/medialink/ufo/release_1/65_hs1-834228961_62-hq-83894_section_7.pdf,65_hs1-834228961_62-hq-83894_section_7.pdf,.pdf,PDF,,1,FBI,yes,62687106,I:\My Drive\UFO\65_hs1-834228961_62-hq-83894_section_7.pdf,65_HS1-834228961_62-HQ-83894_Section_007
https://www.war.gov/medialink/ufo/release_1/65_hs1-834228961_62-hq-83894_section_8.pdf,65_hs1-834228961_62-hq-83894_section_8.pdf,.pdf,PDF,,1,FBI,yes,120391107,I:\My Drive\UFO\65_hs1-834228961_62-hq-83894_section_8.pdf,65_HS1-834228961_62-HQ-83894_Section_008
https://www.war.gov/medialink/ufo/release_1/65_hs1-834228961_62-hq-83894_section_9.pdf,65_hs1-834228961_62-hq-83894_section_9.pdf,.pdf,PDF,,1,FBI,yes,91452111,I:\My Drive\UFO\65_hs1-834228961_62-hq-83894_section_9.pdf,65_HS1-834228961_62-HQ-83894_Section_009
https://www.war.gov/medialink/ufo/release_1/65_hs1-834228961_62-hq-83894_serial_130.pdf,65_hs1-834228961_62-hq-83894_serial_130.pdf,.pdf,PDF,,1,FBI,yes,106690293,I:\My Drive\UFO\65_hs1-834228961_62-hq-83894_serial_130.pdf,65_HS1-834228961_62-HQ-83894_Serial_130
https://www.war.gov/medialink/ufo/release_1/65_hs1-834228961_62-hq-83894_serial_153.pdf,65_hs1-834228961_62-hq-83894_serial_153.pdf,.pdf,PDF,,1,FBI,no,,,65_HS1-834228961_62-HQ-83894_Serial_153
https://www.war.gov/medialink/ufo/release_1/65_hs1-834228961_62-hq-83894_serial_164.pdf,65_hs1-834228961_62-hq-83894_serial_164.pdf,.pdf,PDF,,1,FBI,yes,30938461,I:\My Drive\UFO\65_hs1-834228961_62-hq-83894_serial_164.pdf,65_HS1-834228961_62-HQ-83894_Serial_164
https://www.war.gov/medialink/ufo/release_1/65_hs1-834228961_62-hq-83894_serial_220.pdf,65_hs1-834228961_62-hq-83894_serial_220.pdf,.pdf,PDF,,1,FBI,yes,8421314,I:\My Drive\UFO\65_hs1-834228961_62-hq-83894_serial_220.pdf,65_HS1-834228961_62-HQ-83894_Serial_220
https://www.war.gov/medialink/ufo/release_1/65_hs1-834228961_62-hq-83894_serial_403.pdf,65_hs1-834228961_62-hq-83894_serial_403.pdf,.pdf,PDF,,1,FBI,yes,5745008,I:\My Drive\UFO\65_hs1-834228961_62-hq-83894_serial_403.pdf,65_HS1-834228961_62-HQ-83894_Serial_403
https://www.war.gov/medialink/ufo/release_1/65_hs1-834228961_62-hq-83894_serial_438.pdf,65_hs1-834228961_62-hq-83894_serial_438.pdf,.pdf,PDF,,1,FBI,yes,15143657,I:\My Drive\UFO\65_hs1-834228961_62-hq-83894_serial_438.pdf,65_HS1-834228961_62-HQ-83894_Serial_438
https://www.war.gov/medialink/ufo/release_1/65_hs1-834228961_62-hq-83894_serial_449.pdf,65_hs1-834228961_62-hq-83894_serial_449.pdf,.pdf,PDF,,1,FBI,yes,12499481,I:\My Drive\UFO\65_hs1-834228961_62-hq-83894_serial_449.pdf,65_HS1-834228961_62-HQ-83894_Serial_449
https://www.war.gov/medialink/ufo/release_1/65_hs1-834228961_62-hq-83894_sub_a.pdf,65_hs1-834228961_62-hq-83894_sub_a.pdf,.pdf,PDF,,1,FBI,yes,49325139,I:\My Drive\UFO\65_hs1-834228961_62-hq-83894_sub_a.pdf,65_HS1-834228961_62-HQ-83894_SUB_A
https://www.war.gov/medialink/ufo/release_1/dos-uap-d1-cable-1-papua-new-guinea-january-1985.pdf,dos-uap-d1-cable-1-papua-new-guinea-january-1985.pdf,.pdf,PDF,,1,Department of State,yes,301285,I:\My Drive\UFO\dos-uap-d1-cable-1-papua-new-guinea-january-1985.pdf,"State Department UAP Cable 001, Papua New Guinea, January 28, 1985"
https://www.war.gov/medialink/ufo/release_1/dos-uap-d2-cable-2-kazakhstan-january-1994.pdf,dos-uap-d2-cable-2-kazakhstan-january-1994.pdf,.pdf,PDF,,1,Department of State,yes,370719,I:\My Drive\UFO\dos-uap-d2-cable-2-kazakhstan-january-1994.pdf,"State Department UAP Cable 002, Kazakhstan, January 31, 1994"
https://www.war.gov/medialink/ufo/release_1/dow-uap-d10-mission-report-middle-east-may-2022.pdf,dow-uap-d10-mission-report-middle-east-may-2022.pdf,.pdf,PDF; VID,DOW-UAP-D010; DOW-UAP-PR019,2,Department of War,yes,663290,I:\My Drive\UFO\dow-uap-d10-mission-report-middle-east-may-2022.pdf,"DOW-UAP-D010, Mission Report, Middle East, May 2022 | DOW-UAP-PR019, Unresolved UAP Report, Middle East, May 2022"
https://www.war.gov/medialink/ufo/release_1/dow-uap-d12-mission-report-iraq-may-2022.pdf,dow-uap-d12-mission-report-iraq-may-2022.pdf,.pdf,PDF,DOW-UAP-D012,1,Department of War,yes,670302,I:\My Drive\UFO\dow-uap-d12-mission-report-iraq-may-2022.pdf,"DOW-UAP-D012, Mission Report, Iraq, May 2022"
https://www.war.gov/medialink/ufo/release_1/dow-uap-d14-mission-report-iraq-may-2022.pdf,dow-uap-d14-mission-report-iraq-may-2022.pdf,.pdf,PDF; VID,DOW-UAP-D014; DOW-UAP-PR021,2,Department of War,yes,7463660,I:\My Drive\UFO\dow-uap-d14-mission-report-iraq-may-2022.pdf,"DOW-UAP-D014, Mission Report, Iraq, May 2022 | DOW-UAP-PR021, Unresolved UAP Report, Iraq, May 2022"
https://www.war.gov/medialink/ufo/release_1/dow-uap-d16-mission-report-syria-july-2022.pdf,dow-uap-d16-mission-report-syria-july-2022.pdf,.pdf,PDF; VID,DOW-UAP-D016; DOW-UAP-PR022,2,Department of War,yes,6999240,I:\My Drive\UFO\dow-uap-d16-mission-report-syria-july-2022.pdf,"DOW-UAP-D016, Mission Report, Syria, July 2022 | DOW-UAP-PR022, Unresolved UAP Report, Syria, July 2022"
https://www.war.gov/medialink/ufo/release_1/dow-uap-d18-mission-report-iraq-december-2022.pdf,dow-uap-d18-mission-report-iraq-december-2022.pdf,.pdf,PDF; VID,DOW-UAP-D018; DOW-UAP-PR023,2,Department of War,yes,3673697,I:\My Drive\UFO\dow-uap-d18-mission-report-iraq-december-2022.pdf,"DOW-UAP-D018, Mission Report, Iraq, December 2022 | DOW-UAP-PR023, Unresolved UAP Report, Iraq, December 2022"
https://www.war.gov/medialink/ufo/release_1/dow-uap-d19-mission-report-syria-february-21-2023.pdf,dow-uap-d19-mission-report-syria-february-21-2023.pdf,.pdf,PDF,DOW-UAP-D019,1,Department of War,yes,5885305,I:\My Drive\UFO\dow-uap-d19-mission-report-syria-february-21-2023.pdf,"DOW-UAP-D019, Mission Report, Syria, February 21, 2023"
https://www.war.gov/medialink/ufo/release_1/dow-uap-d20-mission-report-iraq-2023.pdf,dow-uap-d20-mission-report-iraq-2023.pdf,.pdf,PDF,DOW-UAP-D020,1,Department of War,no,,,"DOW-UAP-D020, Mission Report, Iraq, 2023"
https://www.war.gov/medialink/ufo/release_1/dow-uap-d23-mission-report-united-arab-emirates-october-2023.pdf,dow-uap-d23-mission-report-united-arab-emirates-october-2023.pdf,.pdf,PDF; VID,DOW-UAP-D023; DOW-UAP-PR026; DOW-UAP-PR027,3,Department of War,yes,1324277,I:\My Drive\UFO\dow-uap-d23-mission-report-united-arab-emirates-october-2023.pdf,"DOW-UAP-D023, Mission Report, United Arab Emirates, October 2023 | DOW-UAP-PR026, Unresolved UAP Report, United Arab Emirates, October 2023 | DOW-UAP-PR027, Unresolved UAP Report, United Arab Emirates, October 2023"
https://www.war.gov/medialink/ufo/release_1/dow-uap-d25-mission-report-greece-january-2024.pdf,dow-uap-d25-mission-report-greece-january-2024.pdf,.pdf,PDF,DOW-UAP-D025,1,Department of War,yes,680054,I:\My Drive\UFO\dow-uap-d25-mission-report-greece-january-2024.pdf,"DOW-UAP-D025, Mission Report, Greece, January 2024"
https://www.war.gov/medialink/ufo/release_1/dow-uap-d27-mission-report-united-arab-emirates-october-2023.pdf,dow-uap-d27-mission-report-united-arab-emirates-october-2023.pdf,.pdf,PDF,DOW-UAP-D027,1,Department of War,yes,689226,I:\My Drive\UFO\dow-uap-d27-mission-report-united-arab-emirates-october-2023.pdf,"DOW-UAP-D027, Mission Report, United Arab Emirates, October 2023"
https://www.war.gov/medialink/ufo/release_1/dow-uap-d28-mission-report-east-china-sea-2024.pdf,dow-uap-d28-mission-report-east-china-sea-2024.pdf,.pdf,PDF,DOW-UAP-D028,1,Department of War,yes,633172,I:\My Drive\UFO\dow-uap-d28-mission-report-east-china-sea-2024.pdf,"DOW-UAP-D028, Mission Report, Iraq, September 2024"
https://www.war.gov/medialink/ufo/release_1/dow-uap-d3-mission-report-arabian-gulf-2020.pdf,dow-uap-d3-mission-report-arabian-gulf-2020.pdf,.pdf,PDF,DOW-UAP-D003,1,Department of War,yes,101111,I:\My Drive\UFO\dow-uap-d3-mission-report-arabian-gulf-2020.pdf,"DOW-UAP-D003, Mission Report, Arabian Gulf, 2020"
"https://www.war.gov/medialink/ufo/release_1/dow-uap-d32-mission-report,-syria-october-2024.pdf","dow-uap-d32-mission-report,-syria-october-2024.pdf",.pdf,PDF; VID,DOW-UAP-D032; DOW-UAP-PR031; DOW-UAP-PR032; DOW-UAP-PR033,4,Department of War,yes,651740,"I:\My Drive\UFO\dow-uap-d32-mission-report,-syria-october-2024.pdf","DOW-UAP-D032, Mission Report, Syria, October 2024 | DOW-UAP-PR031, Unresolved UAP Report, Syria, October 2024 | DOW-UAP-PR032, Unresolved UAP Report, Syria, October 2024 | DOW-UAP-PR033, Unresolved UAP Report, Syria, October 2024"
https://www.war.gov/medialink/ufo/release_1/dow-uap-d33-mission-report-greece-october-2023.pdf,dow-uap-d33-mission-report-greece-october-2023.pdf,.pdf,PDF; VID,DOW-UAP-D033; DOW-UAP-PR034,2,Department of War,yes,897434,I:\My Drive\UFO\dow-uap-d33-mission-report-greece-october-2023.pdf,"DOW-UAP-D033, Mission Report, Greece, October 2023 | DOW-UAP-PR034, Unresolved UAP Report, Greece, October 2023"
https://www.war.gov/medialink/ufo/release_1/dow-uap-d35-mission-report-greece-october-2023.pdf,dow-uap-d35-mission-report-greece-october-2023.pdf,.pdf,PDF; VID,DOW-UAP-D035; DOW-UAP-PR035,2,Department of War,yes,1415369,I:\My Drive\UFO\dow-uap-d35-mission-report-greece-october-2023.pdf,"DOW-UAP-D035, Mission Report, Greece, October 2023 | DOW-UAP-PR035, Unresolved UAP Report, Greece, October 2023"
https://www.war.gov/medialink/ufo/release_1/dow-uap-d38-range-fouler-debrief-middle-east-may-2020.pdf,dow-uap-d38-range-fouler-debrief-middle-east-may-2020.pdf,.pdf,PDF; VID,DOW-UAP-D038; DOW-UAP-PR036,2,Department of War,yes,342668,I:\My Drive\UFO\dow-uap-d38-range-fouler-debrief-middle-east-may-2020.pdf,"DOW-UAP-D038, Range Fouler Debrief, Middle East, May 2020 | DOW-UAP-PR036, Unresolved UAP Report, Middle East, May 2020"
https://www.war.gov/medialink/ufo/release_1/dow-uap-d4-mission-report-arabian-gulf-2020.pdf,dow-uap-d4-mission-report-arabian-gulf-2020.pdf,.pdf,PDF,DOW-UAP-D004,1,Department of War,yes,29121,I:\My Drive\UFO\dow-uap-d4-mission-report-arabian-gulf-2020.pdf,"DOW-UAP-D004, Mission Report, Arabian Gulf, 2020"
https://www.war.gov/medialink/ufo/release_1/dow-uap-d42-range-fouler-debrief-japan-2023.pdf,dow-uap-d42-range-fouler-debrief-japan-2023.pdf,.pdf,PDF,DOW-UAP-D042,1,Department of War,yes,295621,I:\My Drive\UFO\dow-uap-d42-range-fouler-debrief-japan-2023.pdf,"DOW-UAP-D042, Range Fouler Debrief, Japan, 2023"
https://www.war.gov/medialink/ufo/release_1/dow-uap-d44-range-fouler-arabian-sea-october-2020.pdf,dow-uap-d44-range-fouler-arabian-sea-october-2020.pdf,.pdf,PDF,DOW-UAP-D044,1,Department of War,yes,297873,I:\My Drive\UFO\dow-uap-d44-range-fouler-arabian-sea-october-2020.pdf,"DOW-UAP-D044, Range Fouler Reporting Form, Gulf of Aden, October 2020"
https://www.war.gov/medialink/ufo/release_1/dow-uap-d48-report-september-1996.pdf,dow-uap-d48-report-september-1996.pdf,.pdf,PDF,DOW-UAP-D048,1,Department of War,yes,22495083,I:\My Drive\UFO\dow-uap-d48-report-september-1996.pdf,"DOW-UAP-D048, Department of the Air Force Report, 1996"
https://www.war.gov/medialink/ufo/release_1/dow-uap-d49-launch-summary-february-2000.pdf,dow-uap-d49-launch-summary-february-2000.pdf,.pdf,PDF,DOW-UAP-D049,1,Department of War,yes,9090715,I:\My Drive\UFO\dow-uap-d49-launch-summary-february-2000.pdf,"DOW-UAP-D049, Launch Summary, Vandenberg AFB, 2000"
https://www.war.gov/medialink/ufo/release_1/dow-uap-d5-mission-report-arabian-gulf-2020.pdf,dow-uap-d5-mission-report-arabian-gulf-2020.pdf,.pdf,PDF,DOW-UAP-D005,1,Department of War,yes,30588,I:\My Drive\UFO\dow-uap-d5-mission-report-arabian-gulf-2020.pdf,"DOW-UAP-D005, Mission Report, Arabian Gulf, 2020"
https://www.war.gov/medialink/ufo/release_1/dow-uap-d50-email-correspondence-indopacom-april-2025.pdf,dow-uap-d50-email-correspondence-indopacom-april-2025.pdf,.pdf,PDF,DOW-UAP-D050,1,Department of War,yes,312451,I:\My Drive\UFO\dow-uap-d50-email-correspondence-indopacom-april-2025.pdf,"DOW-UAP-D050, Email Correspondence, INDOPACOM, April 2025"
https://www.war.gov/medialink/ufo/release_1/dow-uap-d51-email-correspondence-pacific-time-zone-march-2023.pdf,dow-uap-d51-email-correspondence-pacific-time-zone-march-2023.pdf,.pdf,PDF,DOW-UAP-D051,1,Department of War,yes,76470,I:\My Drive\UFO\dow-uap-d51-email-correspondence-pacific-time-zone-march-2023.pdf,"DOW-UAP-D051, Email Correspondence, Pacific Time Zone, March 2023"
https://www.war.gov/medialink/ufo/release_1/dow-uap-d52-email-correspondance-na-august-2024.pdf,dow-uap-d52-email-correspondance-na-august-2024.pdf,.pdf,PDF,DOW-UAP-D052,1,Department of War,yes,66874,I:\My Drive\UFO\dow-uap-d52-email-correspondance-na-august-2024.pdf,"DOW-UAP-D052, Email Correspondance, NA, August 2024"
https://www.war.gov/medialink/ufo/release_1/dow-uap-d54-mission-report-mediterranean-sea-na.pdf,dow-uap-d54-mission-report-mediterranean-sea-na.pdf,.pdf,PDF,DOW-UAP-D054,1,Department of War,yes,20095,I:\My Drive\UFO\dow-uap-d54-mission-report-mediterranean-sea-na.pdf,"DOW-UAP-D054, Mission Report, Mediterranean Sea, NA"
https://www.war.gov/medialink/ufo/release_1/dow-uap-d55-mission-report-syria-november-2016.pdf,dow-uap-d55-mission-report-syria-november-2016.pdf,.pdf,PDF,DOW-UAP-D055,1,Department of War,yes,207227,I:\My Drive\UFO\dow-uap-d55-mission-report-syria-november-2016.pdf,"DOW-UAP-D055, Mission Report, Syria, November 2016"
https://www.war.gov/medialink/ufo/release_1/dow-uap-d56-range-fouler-debrief-arabian-sea-august-2020.pdf,dow-uap-d56-range-fouler-debrief-arabian-sea-august-2020.pdf,.pdf,PDF,DOW-UAP-D056,1,Department of War,yes,1849972,I:\My Drive\UFO\dow-uap-d56-range-fouler-debrief-arabian-sea-august-2020.pdf,"DOW-UAP-D056, Range Fouler Debrief, Arabian Sea, August 2020"
https://www.war.gov/medialink/ufo/release_1/dow-uap-d57-mission-report-gulf-of-aden-september-2020.pdf,dow-uap-d57-mission-report-gulf-of-aden-september-2020.pdf,.pdf,PDF,DOW-UAP-D057,1,Department of War,yes,295447,I:\My Drive\UFO\dow-uap-d57-mission-report-gulf-of-aden-september-2020.pdf,"DOW-UAP-D057, Range Fouler Reporting Form, Gulf of Aden, September 2020"
https://www.war.gov/medialink/ufo/release_1/dow-uap-d58-range-fouler-debrief-na-october-2020.pdf,dow-uap-d58-range-fouler-debrief-na-october-2020.pdf,.pdf,PDF,DOW-UAP-D058,1,Department of War,yes,301419,I:\My Drive\UFO\dow-uap-d58-range-fouler-debrief-na-october-2020.pdf,"DOW-UAP-D058, Range Fouler Debrief, NA, October 2020"
https://www.war.gov/medialink/ufo/release_1/dow-uap-d6-mission-report-arabian-gulf-2020.pdf,dow-uap-d6-mission-report-arabian-gulf-2020.pdf,.pdf,PDF,DOW-UAP-D006,1,Department of War,yes,26847,I:\My Drive\UFO\dow-uap-d6-mission-report-arabian-gulf-2020.pdf,"DOW-UAP-D006, Mission Report, Arabian Gulf, 2020"
https://www.war.gov/medialink/ufo/release_1/dow-uap-d60-mission-report-persian-gulf-august-2020.pdf,dow-uap-d60-mission-report-persian-gulf-august-2020.pdf,.pdf,PDF,DOW-UAP-D060,1,Department of War,yes,2412310,I:\My Drive\UFO\dow-uap-d60-mission-report-persian-gulf-august-2020.pdf,"DOW-UAP-D060, Mission Report, Arabian Gulf, August 2020"
https://www.war.gov/medialink/ufo/release_1/dow-uap-d61-mission-report-persian-gulf-august-2020.pdf,dow-uap-d61-mission-report-persian-gulf-august-2020.pdf,.pdf,PDF,DOW-UAP-D061,1,Department of War,yes,877324,I:\My Drive\UFO\dow-uap-d61-mission-report-persian-gulf-august-2020.pdf,"DOW-UAP-D061, Mission Report, Arabian Gulf, August 2020"
https://www.war.gov/medialink/ufo/release_1/dow-uap-d62-mission-report-strait-of-hormuz-september-2020.pdf,dow-uap-d62-mission-report-strait-of-hormuz-september-2020.pdf,.pdf,PDF,DOW-UAP-D062,1,Department of War,yes,1045437,I:\My Drive\UFO\dow-uap-d62-mission-report-strait-of-hormuz-september-2020.pdf,"DOW-UAP-D062, Mission Report, Strait of Hormuz, September 2020"
https://www.war.gov/medialink/ufo/release_1/dow-uap-d63-mission-report-strait-of-hormuz-october-2020.pdf,dow-uap-d63-mission-report-strait-of-hormuz-october-2020.pdf,.pdf,PDF,DOW-UAP-D063,1,Department of War,yes,3311583,I:\My Drive\UFO\dow-uap-d63-mission-report-strait-of-hormuz-october-2020.pdf,"DOW-UAP-D063, Mission Report, Strait of Hormuz, October 2020"
https://www.war.gov/medialink/ufo/release_1/dow-uap-d64-mission-report-iran-november-2020.pdf,dow-uap-d64-mission-report-iran-november-2020.pdf,.pdf,PDF,DOW-UAP-D064,1,Department of War,yes,860506,I:\My Drive\UFO\dow-uap-d64-mission-report-iran-november-2020.pdf,"DOW-UAP-D064, Mission Report, Iran, November 2020"
https://www.war.gov/medialink/ufo/release_1/dow-uap-d65-mission-report-persian-gulf-july-2020.pdf,dow-uap-d65-mission-report-persian-gulf-july-2020.pdf,.pdf,PDF,DOW-UAP-D065,1,Department of War,yes,3043075,I:\My Drive\UFO\dow-uap-d65-mission-report-persian-gulf-july-2020.pdf,"DOW-UAP-D065, Mission Report, Arabian Gulf, July 2020"
https://www.war.gov/medialink/ufo/release_1/dow-uap-d7-mission-report-arabian-gulf-2020.pdf,dow-uap-d7-mission-report-arabian-gulf-2020.pdf,.pdf,PDF,DOW-UAP-D007,1,Department of War,yes,27337,I:\My Drive\UFO\dow-uap-d7-mission-report-arabian-gulf-2020.pdf,"DOW-UAP-D007, Mission Report, Arabian Gulf, 2020"
https://www.war.gov/medialink/ufo/release_1/dow-uap-d74-mission-report-syria-november-2023.pdf,dow-uap-d74-mission-report-syria-november-2023.pdf,.pdf,PDF,DOW-UAP-D074,1,Department of War,yes,719044,I:\My Drive\UFO\dow-uap-d74-mission-report-syria-november-2023.pdf,"DOW-UAP-D074, Mission Report, Syria, November 2023"
https://www.war.gov/medialink/ufo/release_1/dow-uap-d75-mission-report-gulf-of-aden-july-2024.pdf,dow-uap-d75-mission-report-gulf-of-aden-july-2024.pdf,.pdf,PDF,DOW-UAP-D075,1,Department of War,yes,792150,I:\My Drive\UFO\dow-uap-d75-mission-report-gulf-of-aden-july-2024.pdf,"DOW-UAP-D075, Mission Report, Gulf of Aden, July 2024"
https://www.war.gov/medialink/ufo/release_1/dow-uap-d8-mission-report-djibouti-2025.pdf,dow-uap-d8-mission-report-djibouti-2025.pdf,.pdf,PDF,DOW-UAP-D008,1,Department of War,yes,29154,I:\My Drive\UFO\dow-uap-d8-mission-report-djibouti-2025.pdf,"DOW-UAP-D008, Mission Report, Djibouti, 2025"
https://www.war.gov/medialink/ufo/release_1/dow-uap-pr20.pdf,dow-uap-pr20.pdf,.pdf,PDF,DOW-UAP-PR020,1,Department of War,yes,2292342,I:\My Drive\UFO\dow-uap-pr20.pdf,"DOW-UAP-PR020, Unresolved UAP Report, Kuwait, May 2022"
https://www.war.gov/medialink/ufo/release_1/fbi-photo-b1.pdf,fbi-photo-b1.pdf,.pdf,PDF,,1,FBI,no,,,FBI Photo B001
https://www.war.gov/medialink/ufo/release_1/fbi-photo-b10.pdf,fbi-photo-b10.pdf,.pdf,PDF,,1,FBI,no,,,FBI Photo B010
https://www.war.gov/medialink/ufo/release_1/fbi-photo-b11.pdf,fbi-photo-b11.pdf,.pdf,PDF,,1,FBI,no,,,FBI Photo B011
https://www.war.gov/medialink/ufo/release_1/fbi-photo-b12.pdf,fbi-photo-b12.pdf,.pdf,PDF,,1,FBI,no,,,FBI Photo B012
https://www.war.gov/medialink/ufo/release_1/fbi-photo-b13.pdf,fbi-photo-b13.pdf,.pdf,PDF,,1,FBI,no,,,FBI Photo B013
https://www.war.gov/medialink/ufo/release_1/fbi-photo-b14.pdf,fbi-photo-b14.pdf,.pdf,PDF,,1,FBI,no,,,FBI Photo B014
https://www.war.gov/medialink/ufo/release_1/fbi-photo-b15.pdf,fbi-photo-b15.pdf,.pdf,PDF,,1,FBI,no,,,FBI Photo B015
https://www.war.gov/medialink/ufo/release_1/fbi-photo-b16.pdf,fbi-photo-b16.pdf,.pdf,PDF,,1,FBI,no,,,FBI Photo B016
https://www.war.gov/medialink/ufo/release_1/fbi-photo-b17.pdf,fbi-photo-b17.pdf,.pdf,PDF,,1,FBI,no,,,FBI Photo B017
https://www.war.gov/medialink/ufo/release_1/fbi-photo-b18.pdf,fbi-photo-b18.pdf,.pdf,PDF,,1,FBI,no,,,FBI Photo B018
https://www.war.gov/medialink/ufo/release_1/fbi-photo-b19.pdf,fbi-photo-b19.pdf,.pdf,PDF,,1,FBI,no,,,FBI Photo B019
https://www.war.gov/medialink/ufo/release_1/fbi-photo-b2.pdf,fbi-photo-b2.pdf,.pdf,PDF,,1,FBI,no,,,FBI Photo B002
https://www.war.gov/medialink/ufo/release_1/fbi-photo-b20.pdf,fbi-photo-b20.pdf,.pdf,PDF,,1,FBI,no,,,FBI Photo B020
https://www.war.gov/medialink/ufo/release_1/fbi-photo-b21.pdf,fbi-photo-b21.pdf,.pdf,PDF,,1,FBI,no,,,FBI Photo B021
https://www.war.gov/medialink/ufo/release_1/fbi-photo-b22.pdf,fbi-photo-b22.pdf,.pdf,PDF,,1,FBI,no,,,FBI Photo B022
https://www.war.gov/medialink/ufo/release_1/fbi-photo-b23.pdf,fbi-photo-b23.pdf,.pdf,PDF,,1,FBI,no,,,FBI Photo B023
https://www.war.gov/medialink/ufo/release_1/fbi-photo-b24.pdf,fbi-photo-b24.pdf,.pdf,PDF,,1,FBI,no,,,FBI Photo B024
https://www.war.gov/medialink/ufo/release_1/fbi-photo-b3.pdf,fbi-photo-b3.pdf,.pdf,PDF,,1,FBI,no,,,FBI Photo B003
https://www.war.gov/medialink/ufo/release_1/fbi-photo-b4.pdf,fbi-photo-b4.pdf,.pdf,PDF,,1,FBI,no,,,FBI Photo B004
https://www.war.gov/medialink/ufo/release_1/fbi-photo-b5.pdf,fbi-photo-b5.pdf,.pdf,PDF,,1,FBI,no,,,FBI Photo B005
https://www.war.gov/medialink/ufo/release_1/fbi-photo-b6.pdf,fbi-photo-b6.pdf,.pdf,PDF,,1,FBI,yes,608164,I:\My Drive\UFO\fbi-photo-b6.pdf,FBI Photo B006
https://www.war.gov/medialink/ufo/release_1/fbi-photo-b7.pdf,fbi-photo-b7.pdf,.pdf,PDF,,1,FBI,no,,,FBI Photo B007
https://www.war.gov/medialink/ufo/release_1/fbi-photo-b8.pdf,fbi-photo-b8.pdf,.pdf,PDF,,1,FBI,no,,,FBI Photo B008
https://www.war.gov/medialink/ufo/release_1/fbi-photo-b9.pdf,fbi-photo-b9.pdf,.pdf,PDF,,1,FBI,no,,,FBI Photo B009
https://www.war.gov/medialink/ufo/release_1/nasa-uap-d1-apollo-12-transcript-1969.pdf,nasa-uap-d1-apollo-12-transcript-1969.pdf,.pdf,PDF,NASA-UAP-D001,1,NASA,yes,1030644,I:\My Drive\UFO\nasa-uap-d1-apollo-12-transcript-1969.pdf,"NASA-UAP-D001, Apollo 12 Transcript, 1969"
https://www.war.gov/medialink/ufo/release_1/nasa-uap-d2-apollo-17-transcript-1972.pdf,nasa-uap-d2-apollo-17-transcript-1972.pdf,.pdf,PDF,NASA-UAP-D002,1,NASA,yes,463669,I:\My Drive\UFO\nasa-uap-d2-apollo-17-transcript-1972.pdf,"NASA-UAP-D002, Apollo 17 Transcript, 1972"
https://www.war.gov/medialink/ufo/release_1/nasa-uap-d4-apollo-11-technical-crew-debriefing-1969.pdf,nasa-uap-d4-apollo-11-technical-crew-debriefing-1969.pdf,.pdf,PDF,NASA-UAP-D004,1,NASA,yes,29286242,I:\My Drive\UFO\nasa-uap-d4-apollo-11-technical-crew-debriefing-1969.pdf,"NASA-UAP-D004, Apollo 11 Technical Crew Debriefing, 1969"
https://www.war.gov/medialink/ufo/release_1/nasa-uap-d5-apollo-17-crew-debriefing-for-science-1973.pdf,nasa-uap-d5-apollo-17-crew-debriefing-for-science-1973.pdf,.pdf,PDF,NASA-UAP-D005,1,NASA,yes,212585,I:\My Drive\UFO\nasa-uap-d5-apollo-17-crew-debriefing-for-science-1973.pdf,"NASA-UAP-D005, Apollo 17 Crew Debriefing for Science, 1973"
https://www.war.gov/medialink/ufo/release_1/nasa-uap-d6-apollo-17-technical-crew-debriefing-1973.pdf,nasa-uap-d6-apollo-17-technical-crew-debriefing-1973.pdf,.pdf,PDF,NASA-UAP-D006,1,NASA,yes,513402,I:\My Drive\UFO\nasa-uap-d6-apollo-17-technical-crew-debriefing-1973.pdf,"NASA-UAP-D006, Apollo 17 Technical Crew Debriefing, 1973"
https://www.war.gov/medialink/ufo/release_1/nasa-uap-d7-skylab-technical-crew-debriefing-1973.pdf,nasa-uap-d7-skylab-technical-crew-debriefing-1973.pdf,.pdf,PDF,NASA-UAP-D007,1,NASA,yes,659470,I:\My Drive\UFO\nasa-uap-d7-skylab-technical-crew-debriefing-1973.pdf,"NASA-UAP-D007, Skylab Techincal Crew Debriefing 1973"
https://www.war.gov/medialink/ufo/release_1/serial 5 redacted_redacted.pdf,serial 5 redacted_redacted.pdf,.pdf,PDF,,1,FBI,yes,227126,I:\My Drive\UFO\serial 5 redacted_redacted.pdf,FBI September 2023 Sighting - Serial 003
https://www.war.gov/medialink/ufo/release_1/serial-3_redacted.pdf,serial-3_redacted.pdf,.pdf,PDF,,1,FBI,yes,275673,I:\My Drive\UFO\serial-3_redacted.pdf,FBI September 2023 Sighting - Serial 004
https://www.war.gov/medialink/ufo/release_1/serial-4-redacted_redacted.pdf,serial-4-redacted_redacted.pdf,.pdf,PDF,,1,FBI,yes,237155,I:\My Drive\UFO\serial-4-redacted_redacted.pdf,FBI September 2023 Sighting - Serial 005
https://www.war.gov/medialink/ufo/release_1/usper-statement-redacted.pdf,usper-statement-redacted.pdf,.pdf,PDF,,1,FBI,yes,786792,I:\My Drive\UFO\usper-statement-redacted.pdf,USPER Statement about UAP Sighting
https://www.war.gov/medialink/ufo/release_1/western_us_event_slides_5.08.2026.pdf,western_us_event_slides_5.08.2026.pdf,.pdf,PDF,,1,Department of War,yes,63463,I:\My Drive\UFO\western_us_event_slides_5.08.2026.pdf,Western US Event
https://www.war.gov/medialink/ufo/release_1/fbi-photo-a1.png,fbi-photo-a1.png,.png,IMG,,1,FBI,yes,94513,I:\My Drive\UFO\fbi-photo-a1.png,FBI Photo A001
https://www.war.gov/medialink/ufo/release_1/fbi-photo-a2.png,fbi-photo-a2.png,.png,IMG,,1,FBI,yes,98192,I:\My Drive\UFO\fbi-photo-a2.png,FBI Photo A002
https://www.war.gov/medialink/ufo/release_1/fbi-photo-a3.png,fbi-photo-a3.png,.png,IMG,,1,FBI,yes,94807,I:\My Drive\UFO\fbi-photo-a3.png,FBI Photo A003
https://www.war.gov/medialink/ufo/release_1/fbi-photo-a4.png,fbi-photo-a4.png,.png,IMG,,1,FBI,yes,96879,I:\My Drive\UFO\fbi-photo-a4.png,FBI Photo A004
https://www.war.gov/medialink/ufo/release_1/fbi-photo-a5.png,fbi-photo-a5.png,.png,IMG,,1,FBI,no,,,FBI Photo A005
https://www.war.gov/medialink/ufo/release_1/fbi-photo-a6.png,fbi-photo-a6.png,.png,IMG,,1,FBI,no,,,FBI Photo A006
https://www.war.gov/medialink/ufo/release_1/fbi-photo-a7.png,fbi-photo-a7.png,.png,IMG,,1,FBI,no,,,FBI Photo A007
https://www.war.gov/medialink/ufo/release_1/fbi-photo-a8.png,fbi-photo-a8.png,.png,IMG,,1,FBI,no,,,FBI Photo A008
